,NEW_fixed_switch,NEW_onoff_preds,experimental_onoff_value,new_switch,old_predicted_onoff,old_switches,optimized_pwm,predicted_onoff
4,TTAATTCATAGATGCCCTACTTCCTCCTCAAACAGAGGAGATGAGGAATGAGTAGGGCA,0.54198897,-1.0,TTAATTCATAGATGCCCTACTTCCTCCTCAAACAGAGGAGAAGAGTCATGAATATAATG,[0.09204182],GCTAAACACCTTCTAGTCAAAGGTGTCTCAAACAGAGGAGATGAGACATGTTTGACTAG,"[[2.49709919e-05 2.56409403e-04 1.15459461e-05 9.99707043e-01]
 [4.53411703e-05 2.53508861e-05 2.84366270e-05 9.99900818e-01]
 [9.99579728e-01 8.09173143e-05 7.79801921e-05 2.61490175e-04]
 [9.99850631e-01 5.16896398e-05 4.98467743e-05 4.77895592e-05]
 [4.83121657e-05 3.87263317e-05 2.16107001e-05 9.99891281e-01]
 [3.74672127e-05 3.23523345e-05 2.18114346e-05 9.99908328e-01]
 [3.16689460e-04 9.99359071e-01 1.78396091e-04 1.45947968e-04]
 [9.99828577e-01 1.29659544e-04 4.84206430e-06 3.68125147e-05]
 [2.27151086e-05 6.98147560e-05 9.74479190e-06 9.99897718e-01]
 [9.99926567e-01 2.35145708e-05 2.54975766e-05 2.44856565e-05]
 [1.12970578e-04 6.39716454e-05 9.99465644e-01 3.57468816e-04]
 [5.74678957e-01 4.24934059e-01 3.28786293e-04 5.82308166e-05]
 [8.38558844e-05 3.41511518e-01 1.15528033e-04 6.58289135e-01]
 [5.73178477e-05 7.60055787e-04 9.99124587e-01 5.79562839e-05]
 [6.09356284e-05 9.99810994e-01 7.27293955e-05 5.54592443e-05]
 [6.33580930e-05 9.99662519e-01 1.42754609e-04 1.31370063e-04]
 [4.16483223e-01 5.80028296e-01 3.39067960e-03 9.78740209e-05]
 [8.30454428e-06 2.51241756e-04 4.69461474e-06 9.99735773e-01]
 [7.06119001e-01 2.93348134e-01 3.29143455e-04 2.03759730e-04]
 [6.85944906e-05 9.99766529e-01 1.22041754e-04 4.28350468e-05]
 [4.29830434e-05 1.67275924e-04 1.01711121e-04 9.99688029e-01]
 [5.84570626e-05 8.43087983e-05 2.21406517e-04 9.99635816e-01]
 [6.33804375e-05 9.99740541e-01 1.59891584e-04 3.60592639e-05]
 [2.16902525e-04 9.99524593e-01 1.89837650e-04 6.86937492e-05]
 [3.95600546e-05 5.06847209e-05 6.91496170e-05 9.99840617e-01]
 [7.90668928e-05 9.99761403e-01 1.31941692e-04 2.76668743e-05]
 [5.69108161e-05 9.99660373e-01 1.61446500e-04 1.21166020e-04]
 [3.05100766e-05 3.19350365e-05 1.79089093e-05 9.99919653e-01]
 [6.59895450e-05 9.99821246e-01 6.17657788e-05 5.10597274e-05]
 [9.99927640e-01 2.00507602e-05 2.35431598e-05 2.86938212e-05]
 [9.99997497e-01 8.31526620e-07 8.31526620e-07 8.31526620e-07]
 [9.99997497e-01 8.31526620e-07 8.31526620e-07 8.31526620e-07]
 [8.31526620e-07 9.99997497e-01 8.31526620e-07 8.31526620e-07]
 [9.99997497e-01 8.31526620e-07 8.31526620e-07 8.31526620e-07]
 [8.31526620e-07 8.31526620e-07 9.99997497e-01 8.31526620e-07]
 [9.99997497e-01 8.31526620e-07 8.31526620e-07 8.31526620e-07]
 [8.31526620e-07 8.31526620e-07 9.99997497e-01 8.31526620e-07]
 [8.31526620e-07 8.31526620e-07 9.99997497e-01 8.31526620e-07]
 [9.99997497e-01 8.31526620e-07 8.31526620e-07 8.31526620e-07]
 [8.31526620e-07 8.31526620e-07 9.99997497e-01 8.31526620e-07]
 [9.99997497e-01 8.31526620e-07 8.31526620e-07 8.31526620e-07]
 [9.99793112e-01 1.42283579e-05 2.27665114e-05 1.70005806e-04]
 [1.16014242e-04 4.09471431e-06 9.99849796e-01 2.99982657e-05]
 [9.99939561e-01 1.77083839e-05 2.81431658e-05 1.45082067e-05]
 [3.19128339e-05 1.64780322e-05 9.99935746e-01 1.58620096e-05]
 [1.27532636e-04 4.80409362e-04 1.40597448e-01 8.58794630e-01]
 [3.66530538e-01 6.33211315e-01 2.06831057e-04 5.13460509e-05]
 [9.99997497e-01 8.31526620e-07 8.31526620e-07 8.31526620e-07]
 [8.31526620e-07 8.31526620e-07 8.31526620e-07 9.99997497e-01]
 [8.31526620e-07 8.31526620e-07 9.99997497e-01 8.31526620e-07]
 [9.99422908e-01 5.42279740e-04 1.38215482e-05 2.10127473e-05]
 [9.99854207e-01 1.32120142e-04 3.10163477e-06 1.06661673e-05]
 [1.63732839e-04 2.61098085e-05 1.77995698e-05 9.99792397e-01]
 [9.99931574e-01 2.37632321e-05 1.21023386e-05 3.25804140e-05]
 [4.30728214e-05 1.93187334e-05 1.61471180e-05 9.99921441e-01]
 [9.99918342e-01 1.86811703e-05 2.93648991e-05 3.35770455e-05]
 [9.99909520e-01 5.06436627e-05 6.17383421e-06 3.36251396e-05]
 [1.11374648e-04 2.60045563e-05 2.68269068e-05 9.99835730e-01]
 [2.02978816e-04 3.64922198e-05 9.99552786e-01 2.07684134e-04]]",[[0.9038443]]
7,CGCCATAAAAAATGTCCGGCTATCACTTCAAACAGAGGAGATGAAGTATGAGCCGGACA,0.65310746,-1.0,CGCCATAAAAAATGTCCGGCTATCACTTCAAACAGAGGAGATGAGGCATGAAATAAATT,[0.06403881],AGTAGTATTTCACCAGGCTGGGAATCAACTAACAGAGGAGAAGTTGAATGCCAGCCTGG,"[[2.36694759e-05 9.99876976e-01 2.61158530e-05 7.32352055e-05]
 [9.38865651e-06 1.20386940e-05 9.99958396e-01 2.01790790e-05]
 [3.74169831e-05 9.99879003e-01 2.23227216e-05 6.12770309e-05]
 [7.27814186e-05 9.99866009e-01 2.94938636e-05 3.17022241e-05]
 [9.99521613e-01 1.98144517e-06 3.19855690e-06 4.73131018e-04]
 [8.28090106e-06 2.74773283e-05 7.88700254e-06 9.99956369e-01]
 [9.99968529e-01 1.46962493e-05 9.29592261e-06 7.54651273e-06]
 [9.99956965e-01 1.54360168e-05 8.68740699e-06 1.89909715e-05]
 [9.99918938e-01 6.78902579e-05 5.63186723e-06 7.52150891e-06]
 [9.99977589e-01 1.05662948e-05 5.52640131e-06 6.32958790e-06]
 [9.99704421e-01 2.14462966e-06 5.10540804e-06 2.88257579e-04]
 [9.99915957e-01 8.30448480e-05 7.65489403e-07 2.66920125e-07]
 [1.36534991e-05 4.68506150e-05 1.82034419e-05 9.99921322e-01]
 [5.86835358e-06 3.47372770e-05 9.99952435e-01 6.96792495e-06]
 [9.78034450e-07 2.08432553e-04 4.25913004e-06 9.99786317e-01]
 [4.00766075e-05 9.99818742e-01 3.51819544e-05 1.06021267e-04]
 [1.69655468e-04 9.99754846e-01 4.30190121e-05 3.24293760e-05]
 [1.12512553e-05 1.19358956e-05 9.99952435e-01 2.43600498e-05]
 [5.35310437e-06 1.12431255e-04 9.99859452e-01 2.27091041e-05]
 [5.31674013e-05 9.99775708e-01 5.86252027e-05 1.12539725e-04]
 [1.71336851e-05 1.21182835e-04 4.93114021e-05 9.99812424e-01]
 [9.99952197e-01 2.19886042e-05 1.65138881e-05 9.29997441e-06]
 [9.68293625e-06 1.48097082e-04 1.60888758e-05 9.99826133e-01]
 [7.78524787e-04 9.99125779e-01 5.81025088e-05 3.76156859e-05]
 [7.54527092e-01 2.44882241e-01 8.47416522e-05 5.05985343e-04]
 [1.99314600e-05 9.99937534e-01 1.73639819e-05 2.50973535e-05]
 [4.41782413e-06 9.99745535e-05 8.79125582e-06 9.99886751e-01]
 [2.71965309e-05 2.20433460e-04 1.59333867e-05 9.99736369e-01]
 [2.01481271e-05 9.99943376e-01 1.14151744e-05 2.49781333e-05]
 [9.99981999e-01 8.21728008e-06 5.41682766e-06 4.42375949e-06]
 [9.99997497e-01 8.31526620e-07 8.31526620e-07 8.31526620e-07]
 [9.99997497e-01 8.31526620e-07 8.31526620e-07 8.31526620e-07]
 [8.31526620e-07 9.99997497e-01 8.31526620e-07 8.31526620e-07]
 [9.99997497e-01 8.31526620e-07 8.31526620e-07 8.31526620e-07]
 [8.31526620e-07 8.31526620e-07 9.99997497e-01 8.31526620e-07]
 [9.99997497e-01 8.31526620e-07 8.31526620e-07 8.31526620e-07]
 [8.31526620e-07 8.31526620e-07 9.99997497e-01 8.31526620e-07]
 [8.31526620e-07 8.31526620e-07 9.99997497e-01 8.31526620e-07]
 [9.99997497e-01 8.31526620e-07 8.31526620e-07 8.31526620e-07]
 [8.31526620e-07 8.31526620e-07 9.99997497e-01 8.31526620e-07]
 [9.99997497e-01 8.31526620e-07 8.31526620e-07 8.31526620e-07]
 [2.92797231e-05 1.90635656e-05 7.47061995e-06 9.99944210e-01]
 [8.21868434e-06 4.30803448e-06 9.99970794e-01 1.67450871e-05]
 [9.99968052e-01 1.43485086e-05 1.26238347e-05 5.01503018e-06]
 [1.73824810e-05 1.03966913e-05 9.99957085e-01 1.51099403e-05]
 [1.02017830e-05 1.18157132e-05 9.99945164e-01 3.27522284e-05]
 [7.46101663e-02 9.23215449e-01 8.07084798e-05 2.09370139e-03]
 [9.99997497e-01 8.31526620e-07 8.31526620e-07 8.31526620e-07]
 [8.31526620e-07 8.31526620e-07 8.31526620e-07 9.99997497e-01]
 [8.31526620e-07 8.31526620e-07 9.99997497e-01 8.31526620e-07]
 [9.99964237e-01 1.71549927e-05 6.59952411e-06 1.20295372e-05]
 [9.99966979e-01 1.31508550e-05 9.85414772e-06 9.98820633e-06]
 [9.99973059e-01 1.34779466e-05 5.70436396e-06 7.76074648e-06]
 [2.08922289e-02 2.20343936e-04 3.66032182e-05 9.78850842e-01]
 [9.99938965e-01 1.80795560e-05 1.00411435e-05 3.29120267e-05]
 [9.99977946e-01 3.85702663e-07 1.44374246e-06 2.02158808e-05]
 [9.99979973e-01 9.21467563e-06 5.30256011e-06 5.57540261e-06]
 [1.13170508e-05 1.40159609e-05 1.27446619e-05 9.99961972e-01]
 [5.94769226e-05 4.59435942e-05 2.42617726e-03 9.97468472e-01]]",[[0.9516398]]
14,CGTCATATAAATATTACATTGTTGATGATAAACAGAGGAGATATCATATGCAATGTAAT,0.57975507,-0.991651455,CGTCATATAAATATTACATTGTTGATGATAAACAGAGGAGATGACGCATGCAATATGAC,[0.02951961],GCAATGGTGAATTGGCAAGGAGAAGGGTGGAACAGAGGAGACCACCCATGTCCTTGCCA,"[[2.0597056e-06 9.9999094e-01 4.6827768e-06 2.3358673e-06]
 [5.0416089e-05 2.3781497e-06 9.9992132e-01 2.5822243e-05]
 [3.1399006e-05 5.7557213e-06 2.6683414e-05 9.9993610e-01]
 [2.4929236e-06 9.9999177e-01 2.7840583e-06 3.0025751e-06]
 [9.9990118e-01 1.6662419e-06 4.1781015e-05 5.5366691e-05]
 [1.3493023e-04 1.8350196e-06 4.9546310e-05 9.9981374e-01]
 [9.9994922e-01 1.5187220e-06 2.8682263e-05 2.0498837e-05]
 [2.9518204e-05 1.3653961e-06 3.5430257e-05 9.9993372e-01]
 [9.9996185e-01 1.7618361e-06 2.0723253e-05 1.5664184e-05]
 [9.9987531e-01 3.0962624e-06 3.7398469e-05 8.4108775e-05]
 [9.9994624e-01 1.7019180e-06 2.8194019e-05 2.3839008e-05]
 [5.5480275e-05 1.3060832e-06 2.0189087e-05 9.9992299e-01]
 [9.9993086e-01 1.6668189e-06 4.6322988e-05 2.1117850e-05]
 [1.8742658e-05 3.7117804e-06 2.6248912e-05 9.9995124e-01]
 [1.5224787e-04 3.0975943e-06 6.5641179e-05 9.9977905e-01]
 [9.9993896e-01 2.1614339e-06 3.8286766e-05 2.0629592e-05]
 [1.6633841e-06 9.9999368e-01 2.4094545e-06 2.2204918e-06]
 [9.9993813e-01 1.7564544e-06 4.2315212e-05 1.7740171e-05]
 [1.5283182e-05 1.3458200e-06 7.5938537e-05 9.9990737e-01]
 [1.6995716e-04 5.3540098e-06 6.3150808e-05 9.9976152e-01]
 [1.3271836e-04 2.3140110e-06 9.9981219e-01 5.2740885e-05]
 [2.5048696e-03 7.5963685e-06 4.9032911e-05 9.9743843e-01]
 [3.0337049e-05 2.2929796e-06 5.3102558e-05 9.9991429e-01]
 [2.8426227e-01 2.9717926e-06 7.1571934e-01 1.5417978e-05]
 [9.9992812e-01 3.2211065e-06 4.4611566e-05 2.4107505e-05]
 [1.7597456e-05 4.7008230e-06 2.7593063e-05 9.9995005e-01]
 [6.4543252e-05 4.4042699e-06 9.9990392e-01 2.7153970e-05]
 [5.5786026e-01 3.2814473e-06 1.3761819e-04 4.4199893e-01]
 [2.0253714e-05 7.6485094e-06 2.9016615e-05 9.9994314e-01]
 [9.9997222e-01 8.0664182e-07 1.5654447e-05 1.1289440e-05]
 [9.9999750e-01 8.3152662e-07 8.3152662e-07 8.3152662e-07]
 [9.9999750e-01 8.3152662e-07 8.3152662e-07 8.3152662e-07]
 [8.3152662e-07 9.9999750e-01 8.3152662e-07 8.3152662e-07]
 [9.9999750e-01 8.3152662e-07 8.3152662e-07 8.3152662e-07]
 [8.3152662e-07 8.3152662e-07 9.9999750e-01 8.3152662e-07]
 [9.9999750e-01 8.3152662e-07 8.3152662e-07 8.3152662e-07]
 [8.3152662e-07 8.3152662e-07 9.9999750e-01 8.3152662e-07]
 [8.3152662e-07 8.3152662e-07 9.9999750e-01 8.3152662e-07]
 [9.9999750e-01 8.3152662e-07 8.3152662e-07 8.3152662e-07]
 [8.3152662e-07 8.3152662e-07 9.9999750e-01 8.3152662e-07]
 [9.9999750e-01 8.3152662e-07 8.3152662e-07 8.3152662e-07]
 [2.1996450e-05 1.3059356e-06 1.3968440e-05 9.9996269e-01]
 [1.0095208e-04 2.4754863e-06 9.9986851e-01 2.8028246e-05]
 [9.9992967e-01 1.6077871e-05 3.1587897e-05 2.2656033e-05]
 [2.0032123e-06 9.9998617e-01 9.7573811e-06 2.0400646e-06]
 [1.6134893e-04 3.4749212e-06 9.9980730e-01 2.7945607e-05]
 [2.0481439e-06 9.9999130e-01 4.0465593e-06 2.6001694e-06]
 [9.9999750e-01 8.3152662e-07 8.3152662e-07 8.3152662e-07]
 [8.3152662e-07 8.3152662e-07 8.3152662e-07 9.9999750e-01]
 [8.3152662e-07 8.3152662e-07 9.9999750e-01 8.3152662e-07]
 [3.1181667e-06 9.9998879e-01 1.0048287e-06 7.1627501e-06]
 [9.9992919e-01 1.8695391e-06 4.2745254e-05 2.6086971e-05]
 [9.9995315e-01 3.5806277e-06 2.3115284e-05 2.0105595e-05]
 [1.8614710e-05 3.1397378e-06 3.5219193e-05 9.9994302e-01]
 [9.9995732e-01 1.2760894e-06 3.0186633e-05 1.1181098e-05]
 [2.7507318e-05 4.3787809e-06 3.0893174e-05 9.9993718e-01]
 [1.2357428e-04 5.3616968e-06 6.5805167e-01 3.4181935e-01]
 [9.9988937e-01 1.4970943e-06 9.5284973e-05 1.3780566e-05]
 [2.1601149e-06 9.9999142e-01 4.2586148e-06 2.1579551e-06]]",[[0.6881313]]
19,TTCATTATTATATGCTGCTCTTCCCCTCCAAACAGAGGAGATGGAGGATGAGAGCAGCA,0.51379776,-0.981535486,TTCATTATTATATGCTGCTCTTCCCCTCCAAACAGAGGAGATGAGTGATGAAAATAATT,[0.05090131],TAGAAGTGATGGATACTTTCTAAAAATAAAAACAGAGGAGATTTATTATGAGAAAGTAT,"[[1.45993172e-03 1.11241136e-02 1.71619153e-03 9.85699832e-01]
 [2.80549750e-03 3.20144207e-03 8.38517584e-03 9.85607862e-01]
 [3.73376044e-03 9.91257787e-01 2.61431863e-03 2.39415141e-03]
 [9.94732857e-01 2.43023736e-03 1.65154727e-03 1.18539238e-03]
 [8.77212081e-03 8.12054519e-03 2.62084277e-03 9.80486512e-01]
 [4.80706710e-03 3.65621434e-03 2.10228818e-03 9.89434421e-01]
 [9.77521062e-01 8.01275112e-03 1.10296831e-02 3.43648787e-03]
 [1.27990462e-03 1.19956501e-03 7.96292210e-04 9.96724308e-01]
 [7.47956277e-04 1.04654406e-03 9.90336528e-04 9.97215152e-01]
 [9.96796072e-01 1.53029605e-03 8.65004491e-04 8.08588346e-04]
 [1.01302769e-02 6.69339299e-03 9.64715797e-03 9.73529220e-01]
 [5.23936272e-01 4.57627416e-01 1.18453810e-02 6.59097685e-03]
 [1.34168391e-03 3.80904926e-03 1.46699348e-03 9.93382335e-01]
 [1.12597225e-02 9.27332137e-03 9.75592434e-01 3.87453288e-03]
 [8.64815246e-03 8.41260493e-01 5.86149050e-03 1.44229785e-01]
 [3.18675954e-03 6.98565692e-03 2.81875930e-03 9.87008870e-01]
 [2.19418436e-01 8.61271471e-03 7.68685699e-01 3.28318821e-03]
 [3.23128439e-02 9.30266976e-01 1.22303208e-02 2.51899399e-02]
 [1.20415259e-03 1.56974513e-03 2.06243596e-03 9.95163679e-01]
 [9.92856338e-04 9.86718059e-01 1.11331837e-02 1.15589728e-03]
 [1.98822655e-03 1.52272135e-01 1.35351559e-02 8.32204521e-01]
 [3.21541309e-01 1.74755082e-02 2.10390650e-02 6.39944077e-01]
 [2.24402919e-03 9.90699708e-01 1.33694196e-03 5.71933948e-03]
 [1.03152758e-02 9.70163286e-01 5.75099885e-03 1.37704276e-02]
 [9.70263779e-03 9.64842260e-01 1.16019370e-02 1.38532612e-02]
 [4.52591386e-03 9.89957154e-01 3.94308381e-03 1.57384726e-03]
 [6.17064012e-04 3.86718195e-03 5.22396062e-04 9.94993389e-01]
 [3.97004839e-03 9.10374820e-01 4.98879189e-03 8.06663111e-02]
 [7.15755858e-04 9.96196270e-01 2.40079826e-03 6.87208201e-04]
 [9.96184409e-01 1.57473958e-03 6.93361333e-04 1.54743926e-03]
 [9.99997497e-01 8.31526620e-07 8.31526620e-07 8.31526620e-07]
 [9.99997497e-01 8.31526620e-07 8.31526620e-07 8.31526620e-07]
 [8.31526620e-07 9.99997497e-01 8.31526620e-07 8.31526620e-07]
 [9.99997497e-01 8.31526620e-07 8.31526620e-07 8.31526620e-07]
 [8.31526620e-07 8.31526620e-07 9.99997497e-01 8.31526620e-07]
 [9.99997497e-01 8.31526620e-07 8.31526620e-07 8.31526620e-07]
 [8.31526620e-07 8.31526620e-07 9.99997497e-01 8.31526620e-07]
 [8.31526620e-07 8.31526620e-07 9.99997497e-01 8.31526620e-07]
 [9.99997497e-01 8.31526620e-07 8.31526620e-07 8.31526620e-07]
 [8.31526620e-07 8.31526620e-07 9.99997497e-01 8.31526620e-07]
 [9.99997497e-01 8.31526620e-07 8.31526620e-07 8.31526620e-07]
 [1.04410142e-01 5.78578271e-04 8.62348010e-04 8.94149005e-01]
 [1.21953472e-01 1.23478682e-03 8.74334633e-01 2.47708964e-03]
 [8.09150398e-01 2.77688261e-03 1.86033577e-01 2.03912449e-03]
 [1.09874085e-02 3.92537797e-03 9.82368410e-01 2.71880138e-03]
 [1.44014892e-03 3.51760699e-03 1.19470330e-02 9.83095229e-01]
 [3.45824212e-01 9.55216214e-02 5.48977971e-01 9.67615191e-03]
 [9.99997497e-01 8.31526620e-07 8.31526620e-07 8.31526620e-07]
 [8.31526620e-07 8.31526620e-07 8.31526620e-07 9.99997497e-01]
 [8.31526620e-07 8.31526620e-07 9.99997497e-01 8.31526620e-07]
 [9.88369465e-01 5.11741918e-03 5.15395403e-03 1.35921664e-03]
 [9.92880940e-01 2.38071522e-03 2.79966765e-03 1.93860393e-03]
 [9.96892273e-01 1.32497761e-03 8.10080790e-04 9.72678419e-04]
 [9.71881449e-01 2.65140948e-03 1.51716638e-02 1.02955643e-02]
 [3.64763453e-03 1.73049106e-03 9.44500265e-04 9.93677318e-01]
 [9.96320367e-01 1.29437505e-03 1.01287221e-03 1.37244794e-03]
 [9.96405721e-01 1.17103523e-03 1.52567576e-03 8.97633494e-04]
 [1.78590929e-03 7.29525927e-04 5.89411065e-04 9.96895194e-01]
 [2.38024518e-02 1.73265627e-03 5.98351564e-03 9.68481362e-01]]",[[0.9768142]]
20,TTCATTATTATATGCTATTCCTCGTCTCCAAACAGAGGAGATGGAGAATGGGAATAGCA,0.7266046,-0.97370797,TTCATTATTATATGCTATTCCTCGTCTCCAAACAGAGGAGAAGAGGAATGAAAATAATA,[0.05603317],GAGCTGAGCTCTGGTACCGCTTCAAAGAGGAACAGAGGAGACCTCTTATGAGCGGTACC,"[[4.24689060e-05 1.79898503e-04 7.91517596e-05 9.99698520e-01]
 [7.20012540e-05 1.20234690e-04 3.19904415e-04 9.99487877e-01]
 [4.86772478e-04 9.97263312e-01 1.99537119e-03 2.54485290e-04]
 [9.99722421e-01 1.89244056e-05 2.47687451e-04 1.10156443e-05]
 [6.15017675e-03 7.49605102e-03 3.22552584e-03 9.83128309e-01]
 [2.08295663e-04 1.26427869e-04 1.23886552e-04 9.99541402e-01]
 [9.99602020e-01 3.83139588e-04 1.06063053e-05 4.33695322e-06]
 [1.35989758e-04 1.08495933e-05 9.43247596e-06 9.99843717e-01]
 [3.71360693e-05 6.28558701e-05 4.66533602e-05 9.99853373e-01]
 [9.99883294e-01 5.03251140e-05 4.19534736e-05 2.44818893e-05]
 [4.39006835e-04 1.77926093e-04 2.05181495e-04 9.99177873e-01]
 [9.97123420e-01 2.86839367e-03 4.13454200e-06 4.02111709e-06]
 [2.15151533e-03 3.06683164e-02 6.53734722e-04 9.66526508e-01]
 [6.88942848e-04 3.57501151e-04 9.98860359e-01 9.32565890e-05]
 [1.57272909e-04 9.99368250e-01 2.47729593e-04 2.26816657e-04]
 [1.28806969e-05 1.10471565e-02 1.50224114e-05 9.88924921e-01]
 [9.99679446e-01 2.09148173e-04 9.92656787e-05 1.21600760e-05]
 [2.47397460e-03 2.66610179e-03 2.63340655e-03 9.92226481e-01]
 [2.57668617e-05 2.47718696e-03 1.13413071e-05 9.97485638e-01]
 [3.92060538e-05 9.84144866e-01 1.57170463e-02 9.89299588e-05]
 [3.70334965e-05 9.99574602e-01 2.68546195e-04 1.19709177e-04]
 [3.43256761e-05 2.04213284e-05 1.45123340e-04 9.99800146e-01]
 [6.88593209e-05 9.99757469e-01 1.44740246e-04 2.89703348e-05]
 [3.83316819e-03 3.67428094e-01 6.28524184e-01 2.14565982e-04]
 [1.71396954e-04 2.71531608e-04 1.06737476e-04 9.99450386e-01]
 [7.47070444e-05 9.98823702e-01 1.07339316e-03 2.82222700e-05]
 [6.20657465e-06 2.13681313e-04 7.81581639e-06 9.99772251e-01]
 [7.09387823e-05 9.77917671e-01 3.15478799e-04 2.16958448e-02]
 [2.26787997e-05 9.99853492e-01 4.67420323e-05 7.71241321e-05]
 [9.99942183e-01 3.07550908e-06 5.27285301e-05 2.07500466e-06]
 [9.99997497e-01 8.31526620e-07 8.31526620e-07 8.31526620e-07]
 [9.99997497e-01 8.31526620e-07 8.31526620e-07 8.31526620e-07]
 [8.31526620e-07 9.99997497e-01 8.31526620e-07 8.31526620e-07]
 [9.99997497e-01 8.31526620e-07 8.31526620e-07 8.31526620e-07]
 [8.31526620e-07 8.31526620e-07 9.99997497e-01 8.31526620e-07]
 [9.99997497e-01 8.31526620e-07 8.31526620e-07 8.31526620e-07]
 [8.31526620e-07 8.31526620e-07 9.99997497e-01 8.31526620e-07]
 [8.31526620e-07 8.31526620e-07 9.99997497e-01 8.31526620e-07]
 [9.99997497e-01 8.31526620e-07 8.31526620e-07 8.31526620e-07]
 [8.31526620e-07 8.31526620e-07 9.99997497e-01 8.31526620e-07]
 [9.99997497e-01 8.31526620e-07 8.31526620e-07 8.31526620e-07]
 [9.99901414e-01 4.80282470e-05 2.24702144e-05 2.80639397e-05]
 [1.46119967e-02 2.72660836e-05 9.85259771e-01 1.01001526e-04]
 [9.99747813e-01 7.17898438e-05 1.47052793e-04 3.34029573e-05]
 [1.49082407e-04 9.82672864e-05 9.99704421e-01 4.81610041e-05]
 [1.46139173e-05 4.45379410e-03 9.95481372e-01 5.02471557e-05]
 [6.82815850e-01 6.66777370e-04 3.15922558e-01 5.94798767e-04]
 [9.99997497e-01 8.31526620e-07 8.31526620e-07 8.31526620e-07]
 [8.31526620e-07 8.31526620e-07 8.31526620e-07 9.99997497e-01]
 [8.31526620e-07 8.31526620e-07 9.99997497e-01 8.31526620e-07]
 [9.98791397e-01 4.37661976e-04 6.18517166e-04 1.52393361e-04]
 [9.99687314e-01 1.25072373e-04 1.30037952e-04 5.75051781e-05]
 [9.99911785e-01 4.36291793e-06 4.61018135e-06 7.91937200e-05]
 [9.99805868e-01 6.73117320e-05 6.37965350e-05 6.30976210e-05]
 [6.47157140e-05 3.90222231e-05 3.99194287e-05 9.99856353e-01]
 [9.99778211e-01 1.53709479e-05 1.92053965e-04 1.44253554e-05]
 [9.99850154e-01 5.06758297e-05 6.34864336e-05 3.55978882e-05]
 [3.00171778e-05 2.86062841e-05 3.54774202e-05 9.99905944e-01]
 [9.93838847e-01 7.29029853e-05 6.02614926e-03 6.21606960e-05]]",[[0.9835844]]
27,CGCCATAATAAATGTCCGGCTATCACTTCAAACAGAGGAGATGAAGTATGAGCCGGACA,0.682196,-0.972779364,CGCCATAATAAATGTCCGGCTATCACTTCAAACAGAGGAGATGAGGCATGAAATAAATT,[0.06204682],ATAACCCCTCACTGTGCACTAATGGACTGCAACAGAGGAGAGCAGTCATGTAGTGCACA,"[[3.79433877e-05 9.99788702e-01 5.44467985e-05 1.18995915e-04]
 [2.17371216e-05 2.18031018e-05 9.99902010e-01 5.44170434e-05]
 [6.16066463e-05 9.99747813e-01 3.88606859e-05 1.51730870e-04]
 [1.05817948e-04 9.99751151e-01 5.31665537e-05 8.98980434e-05]
 [9.99484181e-01 8.00820089e-06 7.80220944e-06 5.00061491e-04]
 [2.86794020e-05 3.80425481e-05 1.51330732e-05 9.99918103e-01]
 [9.99964476e-01 1.34409784e-05 1.18758726e-05 1.01039923e-05]
 [9.99954939e-01 1.34794373e-05 1.28614329e-05 1.86853122e-05]
 [7.34405918e-03 6.60751321e-05 6.96471943e-06 9.92582917e-01]
 [9.99974966e-01 9.99746499e-06 7.25327800e-06 7.71527448e-06]
 [9.99794781e-01 3.91722233e-06 7.67509482e-06 1.93621832e-04]
 [9.99872804e-01 1.24872458e-04 1.67729877e-06 6.04426134e-07]
 [5.02859948e-05 5.59782638e-05 2.79587312e-05 9.99865770e-01]
 [2.51505317e-05 2.87898074e-05 9.99894142e-01 5.18991037e-05]
 [2.34561139e-06 1.32147165e-04 4.25625331e-06 9.99861240e-01]
 [3.41930718e-05 9.99881625e-01 5.83706496e-05 2.57040228e-05]
 [2.67032359e-04 9.99571979e-01 8.51211444e-05 7.58947499e-05]
 [1.22022393e-05 1.78329756e-05 9.99900222e-01 6.96882707e-05]
 [1.67513426e-05 2.23563271e-04 9.99706328e-01 5.34373903e-05]
 [7.70172410e-05 9.99582469e-01 7.98959954e-05 2.60773668e-04]
 [4.22570374e-05 1.66443002e-04 7.01945464e-05 9.99721110e-01]
 [9.99947667e-01 2.13222174e-05 1.81009873e-05 1.28652155e-05]
 [2.96690814e-05 2.37338041e-04 3.76852877e-05 9.99695301e-01]
 [1.18050969e-03 9.98497963e-01 2.02360854e-04 1.19155513e-04]
 [8.37891221e-01 1.61057472e-01 1.33286783e-04 9.18129459e-04]
 [2.75607836e-05 9.99878168e-01 3.34968936e-05 6.07811598e-05]
 [4.28376416e-06 1.10412329e-04 8.12646704e-06 9.99877214e-01]
 [5.45506664e-05 4.26185259e-04 2.75023285e-05 9.99491692e-01]
 [2.82918245e-05 9.99892116e-01 1.85677545e-05 6.10784700e-05]
 [9.99979973e-01 7.92693481e-06 6.70689496e-06 5.53757764e-06]
 [9.99997497e-01 8.31526620e-07 8.31526620e-07 8.31526620e-07]
 [9.99997497e-01 8.31526620e-07 8.31526620e-07 8.31526620e-07]
 [8.31526620e-07 9.99997497e-01 8.31526620e-07 8.31526620e-07]
 [9.99997497e-01 8.31526620e-07 8.31526620e-07 8.31526620e-07]
 [8.31526620e-07 8.31526620e-07 9.99997497e-01 8.31526620e-07]
 [9.99997497e-01 8.31526620e-07 8.31526620e-07 8.31526620e-07]
 [8.31526620e-07 8.31526620e-07 9.99997497e-01 8.31526620e-07]
 [8.31526620e-07 8.31526620e-07 9.99997497e-01 8.31526620e-07]
 [9.99997497e-01 8.31526620e-07 8.31526620e-07 8.31526620e-07]
 [8.31526620e-07 8.31526620e-07 9.99997497e-01 8.31526620e-07]
 [9.99997497e-01 8.31526620e-07 8.31526620e-07 8.31526620e-07]
 [3.05316789e-05 2.70284745e-05 1.12408388e-05 9.99931216e-01]
 [7.43221926e-06 6.12753865e-06 9.99937654e-01 4.87811412e-05]
 [9.99965072e-01 1.23697646e-05 1.66822701e-05 5.79719381e-06]
 [3.79696066e-05 1.64391549e-05 9.99902487e-01 4.32038978e-05]
 [8.03384683e-06 1.69099367e-05 9.99899626e-01 7.54034263e-05]
 [1.51241884e-01 8.44533682e-01 1.39126030e-04 4.08521062e-03]
 [9.99997497e-01 8.31526620e-07 8.31526620e-07 8.31526620e-07]
 [8.31526620e-07 8.31526620e-07 8.31526620e-07 9.99997497e-01]
 [8.31526620e-07 8.31526620e-07 9.99997497e-01 8.31526620e-07]
 [9.99965072e-01 1.54464196e-05 7.74740329e-06 1.16599931e-05]
 [9.99959350e-01 1.43240477e-05 1.62504330e-05 1.00903626e-05]
 [9.99971867e-01 1.23057926e-05 7.16909381e-06 8.70697841e-06]
 [2.64152559e-03 3.35514560e-05 3.83361585e-05 9.97286558e-01]
 [9.99940038e-01 1.57427203e-05 1.20373134e-05 3.22174237e-05]
 [9.99975681e-01 1.43752379e-06 3.99101646e-06 1.89656985e-05]
 [9.99979019e-01 9.04589706e-06 5.92648985e-06 5.93803679e-06]
 [1.79741073e-06 1.37374900e-06 4.76358655e-05 9.99949217e-01]
 [3.11403361e-04 1.05866740e-04 2.03697453e-03 9.97545779e-01]]",[[0.9746192]]
34,CGTCATATAAATATTACATTGTTGATGATAAACAGAGGAGATATCATATGCAATGTAAT,0.57975507,-0.96948592,CGTCATATAAATATTACATTGTTGATGATAAACAGAGGAGATGACGCATGCAATATGAC,[0.05796391],AAATTTTATAACCGTTAATATTGATAAAAAAACAGAGGAGATTTTTAATGATATTAACG,"[[2.28451063e-05 9.99876618e-01 7.20829994e-05 2.83140580e-05]
 [9.06119749e-05 2.44976982e-05 9.99839306e-01 4.55303780e-05]
 [5.78296094e-05 5.38240638e-05 3.87183645e-05 9.99849558e-01]
 [3.32620948e-05 9.99893427e-01 2.86364411e-05 4.46639533e-05]
 [9.99842167e-01 1.72519722e-05 6.28645794e-05 7.77185051e-05]
 [2.03749922e-04 1.96888377e-05 8.35668252e-05 9.99693036e-01]
 [9.99907851e-01 1.60312684e-05 4.41707671e-05 3.19515675e-05]
 [4.83612494e-05 1.48761183e-05 5.90300333e-05 9.99877691e-01]
 [9.99926686e-01 1.81638625e-05 3.01443124e-05 2.49885579e-05]
 [9.99796569e-01 3.23230925e-05 5.33197817e-05 1.17846044e-04]
 [9.99903321e-01 1.76022404e-05 4.14290880e-05 3.75805685e-05]
 [8.14566883e-05 1.42774334e-05 3.16077058e-05 9.99872684e-01]
 [9.99877691e-01 1.74150155e-05 7.18474548e-05 3.29665854e-05]
 [3.47743189e-05 3.83318693e-05 4.07543630e-05 9.99886155e-01]
 [2.24247502e-04 3.50988194e-05 1.05549880e-04 9.99635100e-01]
 [9.99885917e-01 2.24891410e-05 5.90402633e-05 3.25153887e-05]
 [1.99511069e-05 9.99920487e-01 2.78441366e-05 3.16873266e-05]
 [9.99887824e-01 1.79356357e-05 6.65447878e-05 2.78219395e-05]
 [2.08410656e-05 1.32100704e-05 1.75510329e-04 9.99790490e-01]
 [2.19258829e-04 6.44599495e-05 8.70803342e-05 9.99629140e-01]
 [4.75273759e-04 2.39176115e-05 9.99374926e-01 1.25930688e-04]
 [5.83241358e-02 1.14897855e-04 1.22440819e-04 9.41438556e-01]
 [5.19997047e-05 2.43266986e-05 8.80442021e-05 9.99835610e-01]
 [3.50004405e-01 3.43409338e-05 6.49927497e-01 3.38132995e-05]
 [9.99859214e-01 3.30874282e-05 6.90840607e-05 3.85114072e-05]
 [3.27587695e-05 4.41094999e-05 4.24559912e-05 9.99880672e-01]
 [1.20003002e-04 5.19208552e-05 9.99778211e-01 4.98614681e-05]
 [5.45225143e-01 4.38614843e-05 1.54101901e-04 4.54576880e-01]
 [3.89057859e-05 8.20972346e-05 4.50741682e-05 9.99833941e-01]
 [9.99949932e-01 8.78114497e-06 2.35286898e-05 1.77812162e-05]
 [9.99997497e-01 8.31526620e-07 8.31526620e-07 8.31526620e-07]
 [9.99997497e-01 8.31526620e-07 8.31526620e-07 8.31526620e-07]
 [8.31526620e-07 9.99997497e-01 8.31526620e-07 8.31526620e-07]
 [9.99997497e-01 8.31526620e-07 8.31526620e-07 8.31526620e-07]
 [8.31526620e-07 8.31526620e-07 9.99997497e-01 8.31526620e-07]
 [9.99997497e-01 8.31526620e-07 8.31526620e-07 8.31526620e-07]
 [8.31526620e-07 8.31526620e-07 9.99997497e-01 8.31526620e-07]
 [8.31526620e-07 8.31526620e-07 9.99997497e-01 8.31526620e-07]
 [9.99997497e-01 8.31526620e-07 8.31526620e-07 8.31526620e-07]
 [8.31526620e-07 8.31526620e-07 9.99997497e-01 8.31526620e-07]
 [9.99997497e-01 8.31526620e-07 8.31526620e-07 8.31526620e-07]
 [3.81121063e-05 1.38870282e-05 2.07931080e-05 9.99927163e-01]
 [3.12981807e-04 2.73874812e-05 9.99608099e-01 5.15522188e-05]
 [9.99821484e-01 9.75010480e-05 4.27964005e-05 3.82267754e-05]
 [2.29833677e-05 9.99766052e-01 1.84372548e-04 2.65912422e-05]
 [3.51044175e-04 4.04024140e-05 9.99555647e-01 5.28708115e-05]
 [2.34056297e-05 9.99888182e-01 5.05913195e-05 3.79411576e-05]
 [9.99997497e-01 8.31526620e-07 8.31526620e-07 8.31526620e-07]
 [8.31526620e-07 8.31526620e-07 8.31526620e-07 9.99997497e-01]
 [8.31526620e-07 8.31526620e-07 9.99997497e-01 8.31526620e-07]
 [3.51665112e-05 9.99805033e-01 1.59409101e-05 1.43909710e-04]
 [9.99875188e-01 2.00461545e-05 6.51453156e-05 3.95493516e-05]
 [9.99889612e-01 4.79196169e-05 3.40462066e-05 2.83839072e-05]
 [3.33053795e-05 3.14936187e-05 5.92625474e-05 9.99875903e-01]
 [9.99922752e-01 1.30844601e-05 4.63468277e-05 1.78160553e-05]
 [4.89498416e-05 4.26727493e-05 4.69991501e-05 9.99861360e-01]
 [2.83562025e-04 7.21759279e-05 5.93433022e-01 4.06211197e-01]
 [9.99823272e-01 1.63097757e-05 1.37919676e-04 2.24984124e-05]
 [2.58643449e-05 9.99880552e-01 6.48910718e-05 2.87385301e-05]]",[[0.68819195]]
39,TTCATTATTATCTGCTGCTCTTCCCCTCCAAACAGAGGAGATGGAGGATGAGAGCAGCA,0.54170436,-0.955483456,TTCATTATTATCTGCTGCTCTTCCCCTCCAAACAGAGGAGATGAGTGATGAAAATAATT,[0.03181882],GCCAGCCTGGGAGACTGGGGAGTAGAGGGAAACAGAGGAGATCCCTCATGTCCCCAGTC,"[[1.9498854e-03 1.1566353e-02 2.1066989e-03 9.8437703e-01]
 [4.8353523e-03 5.5599501e-03 7.1414597e-03 9.8246324e-01]
 [4.7877268e-03 9.8977494e-01 2.8086898e-03 2.6287423e-03]
 [9.9136764e-01 4.5847651e-03 2.4519181e-03 1.5956928e-03]
 [5.8305413e-03 5.9712478e-03 2.0642381e-03 9.8613399e-01]
 [5.9166942e-03 4.8849708e-03 2.5529922e-03 9.8664540e-01]
 [9.8675340e-01 4.2926976e-03 6.7458628e-03 2.2079959e-03]
 [1.8098733e-03 1.4998467e-03 1.0101033e-03 9.9568009e-01]
 [1.0397017e-03 1.5217805e-03 1.4048369e-03 9.9603373e-01]
 [9.9610573e-01 1.9814849e-03 9.8017207e-04 9.3260180e-04]
 [2.0802053e-02 9.5640747e-03 1.8414466e-02 9.5121938e-01]
 [4.0615082e-01 5.5981606e-01 1.3704367e-02 2.0328777e-02]
 [1.3227126e-03 4.4416441e-03 2.0023619e-03 9.9223328e-01]
 [9.7945789e-03 6.5159155e-03 9.7990543e-01 3.7841189e-03]
 [1.7529706e-02 6.8521965e-01 9.0980865e-03 2.8815264e-01]
 [5.4485528e-03 1.0113144e-02 4.1110697e-03 9.8032719e-01]
 [2.3924065e-01 2.5622830e-02 7.2782141e-01 7.3151505e-03]
 [1.8640196e-02 9.5129526e-01 1.0188632e-02 1.9875908e-02]
 [1.7805896e-03 2.1064486e-03 3.6922763e-03 9.9242073e-01]
 [1.1490849e-03 9.8465031e-01 1.3080497e-02 1.1200988e-03]
 [2.0969980e-03 9.3921110e-02 7.8609763e-03 8.9612097e-01]
 [3.3172706e-01 4.1963194e-02 2.6488354e-02 5.9982133e-01]
 [2.2455472e-03 9.8441285e-01 1.2917648e-03 1.2049890e-02]
 [3.6318391e-03 9.6596533e-01 3.4200782e-03 2.6982600e-02]
 [6.0407934e-03 9.6729004e-01 1.3104980e-02 1.3564307e-02]
 [4.5645651e-03 9.9001467e-01 3.4296771e-03 1.9910734e-03]
 [7.0418022e-04 5.6165340e-03 5.8514177e-04 9.9309421e-01]
 [4.9011572e-03 9.1528010e-01 4.6973163e-03 7.5121492e-02]
 [8.6339051e-04 9.9500591e-01 3.4618140e-03 6.6882581e-04]
 [9.9356329e-01 1.7547220e-03 8.6954801e-04 3.8124619e-03]
 [9.9999750e-01 8.3152662e-07 8.3152662e-07 8.3152662e-07]
 [9.9999750e-01 8.3152662e-07 8.3152662e-07 8.3152662e-07]
 [8.3152662e-07 9.9999750e-01 8.3152662e-07 8.3152662e-07]
 [9.9999750e-01 8.3152662e-07 8.3152662e-07 8.3152662e-07]
 [8.3152662e-07 8.3152662e-07 9.9999750e-01 8.3152662e-07]
 [9.9999750e-01 8.3152662e-07 8.3152662e-07 8.3152662e-07]
 [8.3152662e-07 8.3152662e-07 9.9999750e-01 8.3152662e-07]
 [8.3152662e-07 8.3152662e-07 9.9999750e-01 8.3152662e-07]
 [9.9999750e-01 8.3152662e-07 8.3152662e-07 8.3152662e-07]
 [8.3152662e-07 8.3152662e-07 9.9999750e-01 8.3152662e-07]
 [9.9999750e-01 8.3152662e-07 8.3152662e-07 8.3152662e-07]
 [1.1359932e-01 8.0998696e-04 1.0742984e-03 8.8451636e-01]
 [1.2289741e-01 1.5536943e-03 8.7071741e-01 4.8314817e-03]
 [8.4772700e-01 3.0458230e-03 1.4712970e-01 2.0973892e-03]
 [8.0072880e-03 2.8985820e-03 9.8687553e-01 2.2184930e-03]
 [1.7713148e-03 3.3281101e-03 1.0218924e-02 9.8468161e-01]
 [2.7315104e-01 1.6023505e-01 5.5455935e-01 1.2054575e-02]
 [9.9999750e-01 8.3152662e-07 8.3152662e-07 8.3152662e-07]
 [8.3152662e-07 8.3152662e-07 8.3152662e-07 9.9999750e-01]
 [8.3152662e-07 8.3152662e-07 9.9999750e-01 8.3152662e-07]
 [9.8662692e-01 5.4612239e-03 6.3558454e-03 1.5559901e-03]
 [9.8522574e-01 3.7594656e-03 4.6028253e-03 6.4119454e-03]
 [9.9617708e-01 1.7644243e-03 9.0667361e-04 1.1517908e-03]
 [9.6203351e-01 4.1965409e-03 2.5722085e-02 8.0479281e-03]
 [5.8641867e-03 2.6703200e-03 1.2740708e-03 9.9019146e-01]
 [9.9396884e-01 1.9642040e-03 1.3555017e-03 2.7114043e-03]
 [9.9602169e-01 1.3308865e-03 1.7578948e-03 8.8958890e-04]
 [2.5172306e-03 5.6998263e-04 7.3514885e-04 9.9617767e-01]
 [2.3855492e-02 1.6259416e-03 5.4952805e-03 9.6902329e-01]]",[[0.9732282]]
43,CGCATTAATAGCTGTTGGTCTACCCCTCCAAACAGAGGAGATGGAGGATGAGACCAACA,0.63166255,-0.9537062,CGCATTAATAGCTGTTGGTCTACCCCTCCAAACAGAGGAGATGAGTAATGAAAATAATA,[0.04119458],GAGGCGTTGAAGTGGTAGAGGGCGGTGGGGAACAGAGGAGACCCCACATGCCTCTACCA,"[[1.2017685e-03 9.9488789e-01 2.0826426e-03 1.8277586e-03]
 [5.4935538e-03 2.9340237e-03 6.9438970e-01 2.9718274e-01]
 [1.9407504e-03 9.9352443e-01 1.4877361e-03 3.0471797e-03]
 [9.9724257e-01 1.0956144e-03 9.3634345e-04 7.2557403e-04]
 [1.6057183e-01 1.1647344e-02 3.5254660e-03 8.2425541e-01]
 [4.6431222e-03 1.0691460e-03 2.0711671e-03 9.9221659e-01]
 [9.9477416e-01 1.7604630e-03 2.1336535e-03 1.3317902e-03]
 [9.9254441e-01 1.7734687e-03 1.8678065e-03 3.8143042e-03]
 [1.2440800e-03 1.2463060e-03 9.8325755e-04 9.9652630e-01]
 [9.9670726e-01 1.3720391e-03 1.0182757e-03 9.0241461e-04]
 [6.9429368e-02 3.7907648e-01 5.4811662e-01 3.3775391e-03]
 [3.3446599e-03 9.9413127e-01 1.1775066e-03 1.3464636e-03]
 [1.6062094e-03 1.6878084e-03 1.0688668e-03 9.9563712e-01]
 [1.1852691e-03 1.3734755e-03 9.9664378e-01 7.9740922e-04]
 [3.0712057e-03 8.4193628e-03 1.5805339e-03 9.8692882e-01]
 [2.4576616e-03 4.0876514e-01 3.2089856e-03 5.8556825e-01]
 [4.0350479e-01 1.5068528e-02 5.7982355e-01 1.6031623e-03]
 [2.2075428e-03 1.5357793e-02 9.8048991e-01 1.9447212e-03]
 [3.7720753e-03 1.8507369e-01 3.5106784e-03 8.0764359e-01]
 [9.8552206e-04 9.9724531e-01 9.5022138e-04 8.1895530e-04]
 [1.5978114e-03 7.2827265e-03 5.0577479e-03 9.8606169e-01]
 [9.0804344e-01 6.0260091e-03 8.3983369e-02 1.9471452e-03]
 [6.1303779e-04 9.9625361e-01 2.2830747e-03 8.5026765e-04]
 [4.6412337e-01 5.3199118e-01 2.1775439e-03 1.7079680e-03]
 [9.8552881e-03 9.5862544e-01 2.4836895e-03 2.9035682e-02]
 [1.7989546e-03 9.9400264e-01 3.1201500e-03 1.0782024e-03]
 [3.7347639e-03 7.7277026e-03 5.7596616e-03 9.8277789e-01]
 [4.3140603e-03 9.4223619e-01 1.7505945e-03 5.1699158e-02]
 [8.6823641e-04 9.9787414e-01 5.0121499e-04 7.5644796e-04]
 [9.9779236e-01 8.3909906e-04 7.7572826e-04 5.9279491e-04]
 [9.9999750e-01 8.3152662e-07 8.3152662e-07 8.3152662e-07]
 [9.9999750e-01 8.3152662e-07 8.3152662e-07 8.3152662e-07]
 [8.3152662e-07 9.9999750e-01 8.3152662e-07 8.3152662e-07]
 [9.9999750e-01 8.3152662e-07 8.3152662e-07 8.3152662e-07]
 [8.3152662e-07 8.3152662e-07 9.9999750e-01 8.3152662e-07]
 [9.9999750e-01 8.3152662e-07 8.3152662e-07 8.3152662e-07]
 [8.3152662e-07 8.3152662e-07 9.9999750e-01 8.3152662e-07]
 [8.3152662e-07 8.3152662e-07 9.9999750e-01 8.3152662e-07]
 [9.9999750e-01 8.3152662e-07 8.3152662e-07 8.3152662e-07]
 [8.3152662e-07 8.3152662e-07 9.9999750e-01 8.3152662e-07]
 [9.9999750e-01 8.3152662e-07 8.3152662e-07 8.3152662e-07]
 [2.1352849e-03 8.6556398e-04 4.7354013e-04 9.9652559e-01]
 [1.8408946e-03 4.6962890e-04 9.9671555e-01 9.7395014e-04]
 [9.9296170e-01 5.8283779e-04 6.0395440e-03 4.1595625e-04]
 [1.6670447e-03 1.1430533e-03 9.9638063e-01 8.0935546e-04]
 [5.7929475e-03 6.2223622e-03 4.4540080e-01 5.4258388e-01]
 [9.4772995e-01 3.1762499e-02 1.1748717e-02 8.7588849e-03]
 [9.9999750e-01 8.3152662e-07 8.3152662e-07 8.3152662e-07]
 [8.3152662e-07 8.3152662e-07 8.3152662e-07 9.9999750e-01]
 [8.3152662e-07 8.3152662e-07 9.9999750e-01 8.3152662e-07]
 [9.9683833e-01 1.2685577e-03 9.7883621e-04 9.1433595e-04]
 [8.9490759e-01 1.2851580e-03 1.0257417e-01 1.2329936e-03]
 [9.9763060e-01 8.0998032e-04 8.3496457e-04 7.2441029e-04]
 [6.8851262e-01 2.0359284e-03 2.0355170e-03 3.0741596e-01]
 [2.9299718e-03 1.1313502e-03 1.0798137e-03 9.9485886e-01]
 [9.9507868e-01 7.1114115e-04 3.1304269e-03 1.0796951e-03]
 [9.9788123e-01 6.4643926e-04 7.3814695e-04 7.3419436e-04]
 [1.9667763e-03 1.1213270e-03 1.1481867e-03 9.9576366e-01]
 [5.5960387e-01 1.8817016e-03 3.0056334e-01 1.3795112e-01]]",[[0.9834088]]
47,CTCATTAATATCTGCTCGTCTACCCCTTCAAACAGAGGAGATGAAGGATGAGACGAGCA,0.643232,-0.948570567,CTCATTAATATCTGCTCGTCTACCCCTTCAAACAGAGGAGAAGAGGGATGAAATAAATA,[0.06877847],ACTGGTATCCTGTGTGTGACGGAGGAAGAAAACAGAGGAGATTCTTCATGCGTCACACA,"[[6.83893668e-05 9.99099016e-01 2.12608167e-04 6.20059436e-04]
 [1.24329808e-05 9.59340014e-06 2.53195618e-03 9.97446060e-01]
 [1.14646857e-04 9.99580681e-01 1.99266942e-04 1.05440711e-04]
 [9.99496102e-01 1.05136787e-04 3.86789936e-04 1.19869937e-05]
 [1.11800538e-04 1.18593547e-04 8.82749155e-05 9.99681354e-01]
 [3.71905880e-05 7.16617214e-05 5.27877564e-05 9.99838352e-01]
 [9.99849200e-01 5.41723166e-05 5.99117884e-05 3.67330322e-05]
 [9.99874353e-01 3.68531546e-05 3.16652004e-05 5.71332566e-05]
 [1.32342102e-05 2.16880871e-04 1.71381198e-05 9.99752700e-01]
 [9.99938250e-01 2.31138147e-05 2.09422597e-05 1.76028552e-05]
 [1.43528960e-04 2.05395656e-04 1.91162995e-04 9.99459922e-01]
 [9.93129797e-05 9.99652267e-01 1.54211419e-04 9.42283586e-05]
 [4.37470153e-05 2.42022565e-04 6.38810379e-05 9.99650359e-01]
 [5.93042168e-05 3.88374698e-04 9.99474585e-01 7.78494650e-05]
 [9.33750416e-05 9.99531269e-01 1.71633292e-04 2.03714255e-04]
 [2.27484397e-05 1.11471512e-04 3.50668073e-01 6.49197698e-01]
 [7.57381611e-04 9.98336256e-01 8.25363095e-04 8.10387719e-05]
 [1.44777005e-04 2.83097354e-04 9.99420285e-01 1.51957560e-04]
 [2.39350979e-04 2.00916063e-02 2.70706806e-02 9.52598393e-01]
 [2.14142292e-05 9.99291062e-01 4.38107119e-04 2.49281438e-04]
 [3.33718635e-05 9.82753409e-05 1.01978047e-04 9.99766409e-01]
 [9.99806821e-01 6.79925870e-05 6.74419134e-05 5.78521212e-05]
 [7.61403935e-05 9.99377847e-01 3.30593408e-04 2.15443375e-04]
 [4.17333242e-04 8.76508415e-01 1.22795053e-01 2.79208005e-04]
 [6.93329457e-06 9.99412417e-01 4.41548415e-04 1.39197859e-04]
 [2.98218147e-05 9.99809802e-01 1.23896651e-04 3.64550542e-05]
 [1.62295305e-06 1.87724514e-03 7.29763951e-06 9.98113871e-01]
 [1.02534259e-05 7.87353783e-04 1.76446629e-04 9.99025941e-01]
 [2.06055174e-05 9.99852777e-01 6.57677083e-05 6.07309448e-05]
 [9.99945998e-01 2.19936483e-05 1.74702018e-05 1.44040205e-05]
 [9.99997497e-01 8.31526620e-07 8.31526620e-07 8.31526620e-07]
 [9.99997497e-01 8.31526620e-07 8.31526620e-07 8.31526620e-07]
 [8.31526620e-07 9.99997497e-01 8.31526620e-07 8.31526620e-07]
 [9.99997497e-01 8.31526620e-07 8.31526620e-07 8.31526620e-07]
 [8.31526620e-07 8.31526620e-07 9.99997497e-01 8.31526620e-07]
 [9.99997497e-01 8.31526620e-07 8.31526620e-07 8.31526620e-07]
 [8.31526620e-07 8.31526620e-07 9.99997497e-01 8.31526620e-07]
 [8.31526620e-07 8.31526620e-07 9.99997497e-01 8.31526620e-07]
 [9.99997497e-01 8.31526620e-07 8.31526620e-07 8.31526620e-07]
 [8.31526620e-07 8.31526620e-07 9.99997497e-01 8.31526620e-07]
 [9.99997497e-01 8.31526620e-07 8.31526620e-07 8.31526620e-07]
 [9.99897599e-01 2.47910320e-05 2.13799103e-05 5.62147980e-05]
 [3.17382276e-01 9.29025773e-05 6.82391763e-01 1.33075271e-04]
 [9.99489188e-01 3.56723613e-05 4.54622030e-04 2.05009383e-05]
 [1.11792913e-04 4.20751458e-05 9.99804795e-01 4.13537164e-05]
 [1.49931952e-06 2.92399563e-05 9.99761999e-01 2.07314166e-04]
 [1.13045760e-04 1.22763799e-03 9.98498321e-01 1.61049946e-04]
 [9.99997497e-01 8.31526620e-07 8.31526620e-07 8.31526620e-07]
 [8.31526620e-07 8.31526620e-07 8.31526620e-07 9.99997497e-01]
 [8.31526620e-07 8.31526620e-07 9.99997497e-01 8.31526620e-07]
 [9.99904037e-01 4.08344567e-05 2.98711384e-05 2.51427009e-05]
 [9.99901414e-01 3.40358638e-05 3.60742852e-05 2.84018442e-05]
 [9.99924779e-01 2.98949562e-05 2.44690855e-05 2.09189420e-05]
 [9.47680819e-05 7.54931898e-05 8.50578654e-05 9.99744713e-01]
 [9.99880433e-01 3.38336940e-05 3.16869955e-05 5.39759276e-05]
 [9.99903202e-01 1.35640266e-05 1.16090323e-05 7.16823633e-05]
 [9.99941230e-01 1.76622671e-05 2.69377269e-05 1.42133231e-05]
 [8.94047298e-06 2.11652673e-06 4.39172727e-04 9.99549687e-01]
 [9.98632967e-01 3.27626367e-05 1.31774796e-04 1.20244233e-03]]",[[0.9711129]]
52,TTCATTATTATCTGCTGGTCTACCCCTTCAAACAGAGGAGATGAAGGATGAGACCAGCA,0.61575353,-0.944868113,TTCATTATTATCTGCTGGTCTACCCCTTCAAACAGAGGAGAAGAGGGATGAAAATAATG,[0.03715836],AGGTACTTGCCCAGCTTGAAGGTACCAGGCAACAGAGGAGAGCCTGGATGCTTCAAGCT,"[[1.52872890e-04 5.13168576e-04 1.78389004e-04 9.99155521e-01]
 [2.56370200e-04 2.08689657e-04 5.18124842e-04 9.99016762e-01]
 [1.48699968e-03 9.95442390e-01 1.00695831e-03 2.06358125e-03]
 [9.99400735e-01 3.93734663e-04 1.18042975e-04 8.74851539e-05]
 [2.51795835e-04 1.44978883e-04 1.44732156e-04 9.99458492e-01]
 [6.62435123e-05 6.36321784e-05 8.04706797e-05 9.99789655e-01]
 [9.99524593e-01 2.14310130e-04 1.43883211e-04 1.17094081e-04]
 [3.91606241e-04 1.49797517e-04 1.79543727e-04 9.99279082e-01]
 [4.92261534e-05 1.45981146e-04 3.07863775e-05 9.99774039e-01]
 [9.99752581e-01 9.25377608e-05 1.06453546e-04 4.84934644e-05]
 [2.29532670e-04 2.86621304e-04 3.48530302e-04 9.99135315e-01]
 [6.12647086e-02 9.36546743e-01 1.30360865e-03 8.85059242e-04]
 [2.24045125e-05 5.79552632e-03 7.44512363e-05 9.94107604e-01]
 [2.39073197e-04 2.13587168e-03 9.97492671e-01 1.32323228e-04]
 [5.11610298e-04 9.98281360e-01 6.75929710e-04 5.31152065e-04]
 [1.11488975e-04 6.68516476e-03 4.70856234e-04 9.92732465e-01]
 [1.10113283e-03 6.84597855e-03 9.92038012e-01 1.48749004e-05]
 [2.32137158e-04 3.02672444e-04 9.96786594e-01 2.67862575e-03]
 [7.88186397e-03 7.50317518e-03 2.78729070e-02 9.56742048e-01]
 [3.06550210e-04 9.98822749e-01 5.91753807e-04 2.78824999e-04]
 [1.07562817e-04 5.76155377e-04 3.26293462e-04 9.98989999e-01]
 [6.25468075e-01 2.54970067e-03 2.55881343e-03 3.69423389e-01]
 [2.28058430e-04 9.98594701e-01 7.66873476e-04 4.10363107e-04]
 [2.51926831e-03 7.51422822e-01 2.45732546e-01 3.25300585e-04]
 [4.38832771e-03 7.71490276e-01 3.25024091e-02 1.91619009e-01]
 [2.53818085e-04 9.95107055e-01 4.43719467e-03 2.01898380e-04]
 [1.51972708e-04 2.20194250e-01 3.20203858e-03 7.76451707e-01]
 [4.78565256e-04 1.17866683e-03 7.70023849e-04 9.97572720e-01]
 [1.25053703e-04 9.99309301e-01 2.97289458e-04 2.68314441e-04]
 [9.99745071e-01 8.39081840e-05 1.11115143e-04 5.99275481e-05]
 [9.99997497e-01 8.31526620e-07 8.31526620e-07 8.31526620e-07]
 [9.99997497e-01 8.31526620e-07 8.31526620e-07 8.31526620e-07]
 [8.31526620e-07 9.99997497e-01 8.31526620e-07 8.31526620e-07]
 [9.99997497e-01 8.31526620e-07 8.31526620e-07 8.31526620e-07]
 [8.31526620e-07 8.31526620e-07 9.99997497e-01 8.31526620e-07]
 [9.99997497e-01 8.31526620e-07 8.31526620e-07 8.31526620e-07]
 [8.31526620e-07 8.31526620e-07 9.99997497e-01 8.31526620e-07]
 [8.31526620e-07 8.31526620e-07 9.99997497e-01 8.31526620e-07]
 [9.99997497e-01 8.31526620e-07 8.31526620e-07 8.31526620e-07]
 [8.31526620e-07 8.31526620e-07 9.99997497e-01 8.31526620e-07]
 [9.99997497e-01 8.31526620e-07 8.31526620e-07 8.31526620e-07]
 [9.99720514e-01 1.62223907e-04 3.96836585e-05 7.75643057e-05]
 [7.02836900e-04 9.01230087e-05 9.99019861e-01 1.87162281e-04]
 [9.99611437e-01 2.72217148e-04 7.87610115e-05 3.77031938e-05]
 [1.59682517e-04 7.20894139e-04 9.99041975e-01 7.73881620e-05]
 [1.77727212e-04 2.48896703e-03 9.41850245e-01 5.54830320e-02]
 [6.55899346e-02 2.62091339e-01 6.70722067e-01 1.59661099e-03]
 [9.99997497e-01 8.31526620e-07 8.31526620e-07 8.31526620e-07]
 [8.31526620e-07 8.31526620e-07 8.31526620e-07 9.99997497e-01]
 [8.31526620e-07 8.31526620e-07 9.99997497e-01 8.31526620e-07]
 [9.98976946e-01 8.99522507e-04 8.04625597e-05 4.31171648e-05]
 [9.99335587e-01 3.53156676e-04 2.33233834e-04 7.80586124e-05]
 [9.99429166e-01 2.98772320e-05 4.30979526e-05 4.97824221e-04]
 [9.99393821e-01 1.69423496e-04 2.04609067e-04 2.32201855e-04]
 [1.25566323e-04 6.86923595e-05 8.78961582e-05 9.99717772e-01]
 [9.99764979e-01 1.32817673e-04 6.52563322e-05 3.69430018e-05]
 [9.99705374e-01 7.50407416e-05 9.88723841e-05 1.20656950e-04]
 [1.30850749e-04 6.26660476e-05 9.17617144e-05 9.99714673e-01]
 [1.71935529e-01 1.41215976e-03 8.04258823e-01 2.23934911e-02]]",[[0.977744]]
59,TTCATTATTATCTGCTGCTCTTCCCCTCCAAACAGAGGAGATGGAGGATGAGAGCAGCA,0.54170436,-0.943581749,TTCATTATTATCTGCTGCTCTTCCCCTCCAAACAGAGGAGATGAGTGATGAAAATAATT,[0.02596562],TATTTCCATGCGGGGTGAGCCGGAAGAGGAAACAGAGGAGATCCTCTATGGGCTCACCC,"[[2.10295827e-03 1.18296370e-02 2.33608438e-03 9.83731389e-01]
 [5.59255900e-03 5.32356091e-03 1.19375978e-02 9.77146268e-01]
 [6.17569080e-03 9.88017797e-01 2.91045243e-03 2.89599830e-03]
 [9.90855813e-01 5.02353907e-03 2.54770252e-03 1.57295738e-03]
 [7.34177139e-03 8.47179163e-03 2.58601317e-03 9.81600404e-01]
 [5.58537431e-03 5.10862563e-03 2.55826837e-03 9.86747742e-01]
 [9.80266154e-01 7.01397518e-03 9.26634017e-03 3.45350755e-03]
 [1.87351636e-03 1.73063041e-03 1.07542425e-03 9.95320380e-01]
 [9.92786954e-04 1.52754993e-03 1.39847584e-03 9.96081173e-01]
 [9.96391356e-01 1.78353558e-03 9.03957814e-04 9.21100087e-04]
 [2.26460248e-02 9.85975284e-03 1.72351506e-02 9.50259089e-01]
 [2.65042186e-01 7.11961865e-01 8.75983946e-03 1.42360553e-02]
 [1.62928947e-03 4.05258127e-03 2.23483820e-03 9.92083311e-01]
 [1.09218704e-02 6.60251593e-03 9.78478074e-01 3.99749912e-03]
 [1.09567884e-02 8.61373305e-01 6.65995432e-03 1.21010020e-01]
 [4.27360740e-03 7.84613006e-03 3.69687681e-03 9.84183371e-01]
 [3.15893948e-01 2.53428034e-02 6.52117848e-01 6.64536189e-03]
 [3.75632606e-02 8.99251878e-01 1.37036778e-02 4.94811647e-02]
 [1.96588016e-03 2.20651180e-03 3.87060666e-03 9.91956949e-01]
 [1.49039854e-03 9.80884194e-01 1.61611605e-02 1.46423490e-03]
 [3.14368331e-03 1.45156190e-01 1.14816427e-02 8.40218484e-01]
 [3.41693938e-01 2.97644865e-02 2.83498466e-02 6.00191712e-01]
 [2.38452549e-03 9.85502720e-01 1.42025971e-03 1.06925378e-02]
 [3.81594850e-03 9.65756893e-01 3.45267355e-03 2.69743614e-02]
 [5.74940443e-03 9.72007871e-01 1.15417782e-02 1.07008945e-02]
 [4.06506797e-03 9.91062284e-01 3.11381277e-03 1.75883621e-03]
 [6.80509314e-04 5.45104919e-03 5.59566717e-04 9.93308902e-01]
 [5.27423993e-03 9.38871264e-01 4.25269175e-03 5.16018569e-02]
 [8.38708074e-04 9.95319307e-01 3.22793447e-03 6.14018238e-04]
 [9.94494855e-01 1.50894129e-03 7.75159919e-04 3.22096492e-03]
 [9.99997497e-01 8.31526620e-07 8.31526620e-07 8.31526620e-07]
 [9.99997497e-01 8.31526620e-07 8.31526620e-07 8.31526620e-07]
 [8.31526620e-07 9.99997497e-01 8.31526620e-07 8.31526620e-07]
 [9.99997497e-01 8.31526620e-07 8.31526620e-07 8.31526620e-07]
 [8.31526620e-07 8.31526620e-07 9.99997497e-01 8.31526620e-07]
 [9.99997497e-01 8.31526620e-07 8.31526620e-07 8.31526620e-07]
 [8.31526620e-07 8.31526620e-07 9.99997497e-01 8.31526620e-07]
 [8.31526620e-07 8.31526620e-07 9.99997497e-01 8.31526620e-07]
 [9.99997497e-01 8.31526620e-07 8.31526620e-07 8.31526620e-07]
 [8.31526620e-07 8.31526620e-07 9.99997497e-01 8.31526620e-07]
 [9.99997497e-01 8.31526620e-07 8.31526620e-07 8.31526620e-07]
 [3.90624344e-01 2.10099667e-03 1.97202922e-03 6.05302632e-01]
 [1.13321811e-01 1.84028794e-03 8.79751861e-01 5.08606108e-03]
 [9.03216302e-01 2.29690922e-03 9.30274501e-02 1.45931181e-03]
 [8.73856712e-03 3.05758370e-03 9.85928595e-01 2.27521500e-03]
 [1.79633999e-03 3.21862008e-03 7.09205121e-03 9.87892926e-01]
 [3.17495883e-01 1.65422931e-01 5.06208062e-01 1.08731072e-02]
 [9.99997497e-01 8.31526620e-07 8.31526620e-07 8.31526620e-07]
 [8.31526620e-07 8.31526620e-07 8.31526620e-07 9.99997497e-01]
 [8.31526620e-07 8.31526620e-07 9.99997497e-01 8.31526620e-07]
 [9.87865508e-01 5.15248068e-03 5.53439837e-03 1.44760415e-03]
 [9.90389049e-01 2.65685003e-03 2.81985314e-03 4.13428433e-03]
 [9.96427596e-01 1.62681250e-03 8.29734490e-04 1.11588463e-03]
 [9.82298911e-01 2.25061458e-03 1.20480210e-02 3.40242847e-03]
 [4.25488269e-03 1.94798922e-03 1.03254407e-03 9.92764652e-01]
 [9.95711923e-01 1.44337711e-03 1.05034374e-03 1.79436698e-03]
 [9.96324182e-01 1.26799534e-03 1.57590560e-03 8.31953599e-04]
 [3.62770981e-03 8.33261991e-04 9.33946285e-04 9.94605124e-01]
 [5.48421890e-02 2.75149546e-03 8.43251590e-03 9.33973789e-01]]",[[0.97754955]]
60,TTCACTATTATATGCTATTCCTCCTCTCCAAACAGAGGAGATGGAGAATGGGAATAGCA,0.6896512,-0.933121007,TTCACTATTATATGCTATTCCTCCTCTCCAAACAGAGGAGAAGAGGAATGAAAATAATA,[0.07412421],GGTTGGGTGTAAGATTGGCGACAATTTCATAACAGAGGAGAATGAAAATGTCGCCAATC,"[[7.25681093e-05 7.29819003e-04 8.04267547e-05 9.99117196e-01]
 [9.02906831e-05 1.48644278e-04 2.97916500e-04 9.99463141e-01]
 [3.84758372e-04 9.98953342e-01 4.97021480e-04 1.64827594e-04]
 [9.99718368e-01 7.32520130e-05 1.67207327e-04 4.11401743e-05]
 [3.11479717e-01 5.58011293e-01 2.43403353e-02 1.06168650e-01]
 [9.29480811e-05 6.08019946e-05 2.68080294e-05 9.99819458e-01]
 [9.99093652e-01 8.88109382e-04 5.88675584e-06 1.23637474e-05]
 [7.30209504e-05 5.86530314e-06 6.06335880e-06 9.99915004e-01]
 [2.52622849e-05 3.39950930e-05 2.37940421e-05 9.99916911e-01]
 [9.99909520e-01 3.70904090e-05 3.88437693e-05 1.45775048e-05]
 [1.48507999e-04 1.11971080e-04 9.31926406e-05 9.99646306e-01]
 [9.99636531e-01 2.52925733e-04 8.62632587e-05 2.42731257e-05]
 [1.07130065e-04 7.58614093e-02 4.90625971e-05 9.23982382e-01]
 [1.48356106e-04 2.08740326e-04 9.99613941e-01 2.90066182e-05]
 [2.22695264e-04 9.99466002e-01 1.60878597e-04 1.50519423e-04]
 [2.16621675e-06 2.13094521e-04 4.29964473e-07 9.99784291e-01]
 [9.99038815e-01 2.32553866e-04 6.86900399e-04 4.16797411e-05]
 [1.90367841e-03 5.35765849e-03 9.82075855e-02 8.94531071e-01]
 [1.72715168e-04 1.21370780e-04 2.51155910e-07 9.99705613e-01]
 [1.11172289e-04 9.99008477e-01 8.29644559e-04 5.07350596e-05]
 [1.41061289e-04 9.99738395e-01 5.50567347e-05 6.53766256e-05]
 [3.93748487e-05 2.95892805e-05 2.22901344e-05 9.99908686e-01]
 [1.58741401e-04 9.99793828e-01 2.77109975e-05 1.96391738e-05]
 [1.76889300e-02 9.81332302e-01 8.37054511e-04 1.41779426e-04]
 [2.09261943e-03 4.60035447e-03 1.53992826e-03 9.91767108e-01]
 [8.46749681e-05 9.99536991e-01 3.47503548e-04 3.08647650e-05]
 [1.13460446e-05 6.20895735e-05 1.31674924e-05 9.99913335e-01]
 [4.11083922e-04 9.92295742e-01 1.32743234e-03 5.96580096e-03]
 [6.58404533e-05 9.99841452e-01 3.69053705e-05 5.57311832e-05]
 [9.99911308e-01 3.00406500e-05 4.07954758e-05 1.78346181e-05]
 [9.99997497e-01 8.31526620e-07 8.31526620e-07 8.31526620e-07]
 [9.99997497e-01 8.31526620e-07 8.31526620e-07 8.31526620e-07]
 [8.31526620e-07 9.99997497e-01 8.31526620e-07 8.31526620e-07]
 [9.99997497e-01 8.31526620e-07 8.31526620e-07 8.31526620e-07]
 [8.31526620e-07 8.31526620e-07 9.99997497e-01 8.31526620e-07]
 [9.99997497e-01 8.31526620e-07 8.31526620e-07 8.31526620e-07]
 [8.31526620e-07 8.31526620e-07 9.99997497e-01 8.31526620e-07]
 [8.31526620e-07 8.31526620e-07 9.99997497e-01 8.31526620e-07]
 [9.99997497e-01 8.31526620e-07 8.31526620e-07 8.31526620e-07]
 [8.31526620e-07 8.31526620e-07 9.99997497e-01 8.31526620e-07]
 [9.99997497e-01 8.31526620e-07 8.31526620e-07 8.31526620e-07]
 [9.99927878e-01 3.54119802e-05 2.41853322e-05 1.25251399e-05]
 [8.97062868e-02 1.91518156e-05 9.10232902e-01 4.16661023e-05]
 [9.99821723e-01 4.67032951e-05 1.13321854e-04 1.82875629e-05]
 [1.47433922e-04 4.38422576e-05 9.99792755e-01 1.59715601e-05]
 [1.61429722e-04 5.64176776e-02 9.42481875e-01 9.39052319e-04]
 [9.99261558e-01 4.21953213e-04 2.72725389e-04 4.37875060e-05]
 [9.99997497e-01 8.31526620e-07 8.31526620e-07 8.31526620e-07]
 [8.31526620e-07 8.31526620e-07 8.31526620e-07 9.99997497e-01]
 [8.31526620e-07 8.31526620e-07 9.99997497e-01 8.31526620e-07]
 [9.99247074e-01 2.31195561e-04 4.64371580e-04 5.74116457e-05]
 [9.99750674e-01 8.53693782e-05 1.31352077e-04 3.26845511e-05]
 [9.99837756e-01 5.59509681e-05 4.04839848e-05 6.57838464e-05]
 [9.99840975e-01 4.48140527e-05 5.27851298e-05 6.14315650e-05]
 [3.09483949e-05 2.51144775e-05 2.14013944e-05 9.99922514e-01]
 [9.99922872e-01 2.47258085e-05 3.76376156e-05 1.47856745e-05]
 [9.99883771e-01 4.52191416e-05 5.04087620e-05 2.06763725e-05]
 [1.80086226e-05 1.87337209e-05 1.86972920e-05 9.99944568e-01]
 [9.98698592e-01 6.85983759e-05 1.12191378e-03 1.10791865e-04]]",[[0.9896304]]
67,CGCCATAATAAATGTCCGGCTATCACTTCAAACAGAGGAGATGAAGTATGAGCCGGACA,0.682196,-0.931261879,CGCCATAATAAATGTCCGGCTATCACTTCAAACAGAGGAGATGAGGCATGAAATAAATT,[0.03304891],TCTTTATAAATATTAATCTTTTTACGAGTTAACAGAGGAGAAACTCGATGAAAGATTAA,"[[2.56161784e-05 9.99830365e-01 3.01808141e-05 1.13859722e-04]
 [9.66397147e-06 1.38409005e-05 9.99945521e-01 3.10068062e-05]
 [4.27027990e-05 9.99802411e-01 2.71275567e-05 1.27756721e-04]
 [6.23337983e-05 9.99799311e-01 3.55395641e-05 1.02853228e-04]
 [9.99723971e-01 5.10653081e-06 4.97210385e-06 2.65828858e-04]
 [2.55109753e-05 5.28299315e-05 1.42231193e-05 9.99907374e-01]
 [9.99974251e-01 1.11468762e-05 8.57478881e-06 5.98245788e-06]
 [9.99968767e-01 1.14166187e-05 7.85657539e-06 1.19392553e-05]
 [1.18493969e-02 5.76632119e-05 5.38759923e-06 9.88087535e-01]
 [9.99982119e-01 8.30687623e-06 4.86492991e-06 4.70472287e-06]
 [9.99919295e-01 5.38405220e-06 8.70235363e-06 6.66881679e-05]
 [9.99910831e-01 8.78629216e-05 9.91870024e-07 3.10395706e-07]
 [8.10223210e-05 5.02482508e-05 2.12718442e-05 9.99847412e-01]
 [1.18877006e-05 2.54777806e-05 9.99940515e-01 2.21683513e-05]
 [1.29055559e-06 1.75975452e-04 3.51825565e-06 9.99819219e-01]
 [2.28895115e-05 9.99917865e-01 2.86486138e-05 3.05799367e-05]
 [1.41111261e-04 9.99730289e-01 4.54680921e-05 8.31221259e-05]
 [8.24078506e-06 1.65044639e-05 9.99926805e-01 4.83834192e-05]
 [1.14619515e-05 1.25722407e-04 9.99798477e-01 6.43401581e-05]
 [1.25310296e-04 9.99349654e-01 7.99238769e-05 4.45095648e-04]
 [3.94689414e-05 1.99628295e-04 5.55130719e-05 9.99705374e-01]
 [9.99963522e-01 1.69000214e-05 1.18200214e-05 7.69167673e-06]
 [2.01990952e-05 4.54731780e-04 2.95204682e-05 9.99495506e-01]
 [7.22258643e-04 9.99045193e-01 8.07782344e-05 1.51739092e-04]
 [8.44768524e-01 1.54079959e-01 9.68084787e-05 1.05477858e-03]
 [1.94635959e-05 9.99899983e-01 1.90816772e-05 6.15101089e-05]
 [3.79381390e-06 1.64672063e-04 6.12085887e-06 9.99825418e-01]
 [7.48978782e-05 3.85335006e-04 2.13710700e-05 9.99518394e-01]
 [2.05376127e-05 9.99890685e-01 1.20967325e-05 7.67819947e-05]
 [9.99986053e-01 6.53330699e-06 4.17771298e-06 3.23494965e-06]
 [9.99997497e-01 8.31526620e-07 8.31526620e-07 8.31526620e-07]
 [9.99997497e-01 8.31526620e-07 8.31526620e-07 8.31526620e-07]
 [8.31526620e-07 9.99997497e-01 8.31526620e-07 8.31526620e-07]
 [9.99997497e-01 8.31526620e-07 8.31526620e-07 8.31526620e-07]
 [8.31526620e-07 8.31526620e-07 9.99997497e-01 8.31526620e-07]
 [9.99997497e-01 8.31526620e-07 8.31526620e-07 8.31526620e-07]
 [8.31526620e-07 8.31526620e-07 9.99997497e-01 8.31526620e-07]
 [8.31526620e-07 8.31526620e-07 9.99997497e-01 8.31526620e-07]
 [9.99997497e-01 8.31526620e-07 8.31526620e-07 8.31526620e-07]
 [8.31526620e-07 8.31526620e-07 9.99997497e-01 8.31526620e-07]
 [9.99997497e-01 8.31526620e-07 8.31526620e-07 8.31526620e-07]
 [2.39418277e-05 3.61313978e-05 1.09906132e-05 9.99928951e-01]
 [1.33156789e-06 5.83273550e-06 9.99960303e-01 3.24939974e-05]
 [9.99975443e-01 1.12392781e-05 9.47289936e-06 3.89166917e-06]
 [1.72661057e-05 1.16988313e-05 9.99943018e-01 2.79655305e-05]
 [2.42598230e-06 1.71667434e-05 9.99921322e-01 5.90923737e-05]
 [9.72388387e-02 8.95163178e-01 1.16694056e-04 7.48128351e-03]
 [9.99997497e-01 8.31526620e-07 8.31526620e-07 8.31526620e-07]
 [8.31526620e-07 8.31526620e-07 8.31526620e-07 9.99997497e-01]
 [8.31526620e-07 8.31526620e-07 9.99997497e-01 8.31526620e-07]
 [9.99973893e-01 1.33038839e-05 5.26938311e-06 7.50989466e-06]
 [9.99972582e-01 1.13614642e-05 9.58334749e-06 6.59111947e-06]
 [9.99979615e-01 1.03054163e-05 4.59836610e-06 5.50591676e-06]
 [1.02820108e-03 1.59827068e-05 6.84265569e-06 9.98948991e-01]
 [9.99965072e-01 1.30068429e-05 6.61363629e-06 1.53211895e-05]
 [9.99982595e-01 1.79526933e-06 4.31578383e-06 1.13576134e-05]
 [9.99984384e-01 7.64865035e-06 4.09412860e-06 3.94736071e-06]
 [7.87609952e-06 6.70913187e-06 3.04570785e-05 9.99954939e-01]
 [1.56745460e-04 1.05250590e-04 6.43716252e-04 9.99094248e-01]]",[[0.97610664]]
74,CGTCATATAAATATTACATTGTTGATGATAAACAGAGGAGATATCATATGCAATGTAAT,0.57975507,-0.931195631,CGTCATATAAATATTACATTGTTGATGATAAACAGAGGAGATGACGCATGCAATATGAC,[0.14983353],GATTGCCTTCTCTCATTGTTGTAGGGTAAGAACAGAGGAGACTTACCATGCAACAATGA,"[[3.26839036e-05 9.99818623e-01 1.09971435e-04 3.87333348e-05]
 [9.31103132e-05 3.40929946e-05 9.99827623e-01 4.51866872e-05]
 [6.41245570e-05 7.79212933e-05 4.39882206e-05 9.99813974e-01]
 [4.86843564e-05 9.99845624e-01 4.49269355e-05 6.07552465e-05]
 [9.99826133e-01 2.48864253e-05 7.27594961e-05 7.63167700e-05]
 [2.10617247e-04 2.78197367e-05 9.69049433e-05 9.99664664e-01]
 [9.99893546e-01 2.26404863e-05 5.08087869e-05 3.29688337e-05]
 [5.37504420e-05 2.22087565e-05 6.99309167e-05 9.99854088e-01]
 [9.99914885e-01 2.53546277e-05 3.44124819e-05 2.52464597e-05]
 [9.99776781e-01 4.60613337e-05 6.09936033e-05 1.16244533e-04]
 [9.99889016e-01 2.50819721e-05 4.74544431e-05 3.84894229e-05]
 [8.54744139e-05 2.06167842e-05 3.80570164e-05 9.99855876e-01]
 [9.99860287e-01 2.48023825e-05 8.15609237e-05 3.33934004e-05]
 [3.95084244e-05 5.39966641e-05 4.82137802e-05 9.99858260e-01]
 [2.67873751e-04 5.14941421e-05 1.28754080e-04 9.99551833e-01]
 [9.99868512e-01 3.01858236e-05 6.82743703e-05 3.29919167e-05]
 [2.98256346e-05 9.99878764e-01 4.52746644e-05 4.61806630e-05]
 [9.99871731e-01 2.42522474e-05 7.54225330e-05 2.85959777e-05]
 [2.07121648e-05 1.82367203e-05 2.22664850e-04 9.99738395e-01]
 [2.58492015e-04 9.10311574e-05 1.07115346e-04 9.99543369e-01]
 [5.47373609e-04 3.21994194e-05 9.99268711e-01 1.51730346e-04]
 [1.69964768e-02 1.46697319e-04 9.79047836e-05 9.82758939e-01]
 [5.94093726e-05 3.77786710e-05 1.03506405e-04 9.99799311e-01]
 [2.07191169e-01 5.29820827e-05 7.92715549e-01 4.02451478e-05]
 [9.99835849e-01 4.42577366e-05 7.97579632e-05 4.02020487e-05]
 [3.78569239e-05 6.81689198e-05 5.11062899e-05 9.99842882e-01]
 [1.23540463e-04 6.72840179e-05 9.99760211e-01 4.89335944e-05]
 [5.63286424e-01 6.48713467e-05 1.84399512e-04 4.36464310e-01]
 [4.37619601e-05 1.16116840e-04 5.24206807e-05 9.99787748e-01]
 [9.99942660e-01 1.23383834e-05 2.69104712e-05 1.80130719e-05]
 [9.99997497e-01 8.31526620e-07 8.31526620e-07 8.31526620e-07]
 [9.99997497e-01 8.31526620e-07 8.31526620e-07 8.31526620e-07]
 [8.31526620e-07 9.99997497e-01 8.31526620e-07 8.31526620e-07]
 [9.99997497e-01 8.31526620e-07 8.31526620e-07 8.31526620e-07]
 [8.31526620e-07 8.31526620e-07 9.99997497e-01 8.31526620e-07]
 [9.99997497e-01 8.31526620e-07 8.31526620e-07 8.31526620e-07]
 [8.31526620e-07 8.31526620e-07 9.99997497e-01 8.31526620e-07]
 [8.31526620e-07 8.31526620e-07 9.99997497e-01 8.31526620e-07]
 [9.99997497e-01 8.31526620e-07 8.31526620e-07 8.31526620e-07]
 [8.31526620e-07 8.31526620e-07 9.99997497e-01 8.31526620e-07]
 [9.99997497e-01 8.31526620e-07 8.31526620e-07 8.31526620e-07]
 [4.24211285e-05 2.06034529e-05 2.42579372e-05 9.99912739e-01]
 [3.27588408e-04 3.97421209e-05 9.99581993e-01 5.05928547e-05]
 [9.99775231e-01 1.36812654e-04 4.81587667e-05 3.97507865e-05]
 [2.80758413e-05 9.99612153e-01 3.28607712e-04 3.11509466e-05]
 [3.88466084e-04 5.81670829e-05 9.99500036e-01 5.32354316e-05]
 [3.27060116e-05 9.99832869e-01 8.22512156e-05 5.22200644e-05]
 [9.99997497e-01 8.31526620e-07 8.31526620e-07 8.31526620e-07]
 [8.31526620e-07 8.31526620e-07 8.31526620e-07 9.99997497e-01]
 [8.31526620e-07 8.31526620e-07 9.99997497e-01 8.31526620e-07]
 [4.83713084e-05 9.99675632e-01 2.60908801e-05 2.49893492e-04]
 [9.99855757e-01 2.89500931e-05 7.45995349e-05 4.06765139e-05]
 [9.99864578e-01 6.83090184e-05 3.89236411e-05 2.81073135e-05]
 [3.78018303e-05 4.44350771e-05 7.01957906e-05 9.99847531e-01]
 [9.99911189e-01 1.80964416e-05 5.24223033e-05 1.82558815e-05]
 [5.49845463e-05 5.98569059e-05 5.50307050e-05 9.99830127e-01]
 [3.09492403e-04 1.04805615e-04 6.22875631e-01 3.76710057e-01]
 [9.99800980e-01 2.27378532e-05 1.53129120e-04 2.31098711e-05]
 [3.62624596e-05 9.99826610e-01 9.87432941e-05 3.85495005e-05]]",[[0.68812704]]
79,TTCATTATTATCTGCTACTCCTCCCCTCCAAACAGAGGAGATGGAGGATGGGAGTAGCA,0.48416767,-0.929984936,TTCATTATTATCTGCTACTCCTCCCCTCCAAACAGAGGAGATGAGTGATGAAAATAATT,[0.04005002],AAACTCCTGCAGGCTGAGGTGGGTGAAAGCAACAGAGGAGAGCTTTCATGCACCTCAGC,"[[2.23984430e-03 1.52201233e-02 2.47692643e-03 9.80063081e-01]
 [6.30626455e-03 6.95618894e-03 2.04991791e-02 9.66238379e-01]
 [6.79690437e-03 9.87161040e-01 2.88659660e-03 3.15555301e-03]
 [9.92518663e-01 4.14776430e-03 2.04954459e-03 1.28406903e-03]
 [6.61825947e-03 6.40666205e-03 2.28901277e-03 9.84686136e-01]
 [3.36849503e-03 2.79400172e-03 1.69610453e-03 9.92141366e-01]
 [9.83725011e-01 5.42851770e-03 7.85123464e-03 2.99519859e-03]
 [1.90170330e-03 1.58819184e-03 1.06510089e-03 9.95445013e-01]
 [1.04003702e-03 1.45109149e-03 1.31317042e-03 9.96195674e-01]
 [9.96922672e-01 1.45541702e-03 8.11880571e-04 8.09870777e-04]
 [2.01972090e-02 6.97051454e-03 1.10690556e-02 9.61763144e-01]
 [3.03072810e-01 6.78556025e-01 7.18677323e-03 1.11844512e-02]
 [2.10456643e-03 4.19289060e-03 2.35063955e-03 9.91351962e-01]
 [1.01158125e-02 5.81074273e-03 9.81321156e-01 2.75223027e-03]
 [1.85498912e-02 7.08292425e-01 7.25991279e-03 2.65897840e-01]
 [2.88085546e-03 4.63491492e-03 2.35389941e-03 9.90130365e-01]
 [8.73537421e-01 1.22208176e-02 1.09683730e-01 4.55802353e-03]
 [2.41448712e-02 8.74203384e-01 1.60036851e-02 8.56480822e-02]
 [2.53154151e-03 2.72809295e-03 3.63802421e-03 9.91102338e-01]
 [1.56730926e-03 9.81217742e-01 1.58136766e-02 1.40131998e-03]
 [4.26761108e-03 4.93047535e-01 1.66875813e-02 4.85997349e-01]
 [4.56200838e-01 4.35570739e-02 2.45585740e-02 4.75683481e-01]
 [2.13715876e-03 9.88026202e-01 1.29108969e-03 8.54553748e-03]
 [2.89811753e-03 9.77501631e-01 2.67642108e-03 1.69238057e-02]
 [4.23770677e-03 9.79342043e-01 8.95613711e-03 7.46418443e-03]
 [3.07801575e-03 9.93155181e-01 2.59404117e-03 1.17281359e-03]
 [6.88200642e-04 5.02436189e-03 5.06743265e-04 9.93780673e-01]
 [4.47616214e-03 9.45370376e-01 3.49140167e-03 4.66620103e-02]
 [7.64117052e-04 9.96237874e-01 2.48576817e-03 5.12231723e-04]
 [9.95551109e-01 1.44518097e-03 6.29701652e-04 2.37408816e-03]
 [9.99997497e-01 8.31526620e-07 8.31526620e-07 8.31526620e-07]
 [9.99997497e-01 8.31526620e-07 8.31526620e-07 8.31526620e-07]
 [8.31526620e-07 9.99997497e-01 8.31526620e-07 8.31526620e-07]
 [9.99997497e-01 8.31526620e-07 8.31526620e-07 8.31526620e-07]
 [8.31526620e-07 8.31526620e-07 9.99997497e-01 8.31526620e-07]
 [9.99997497e-01 8.31526620e-07 8.31526620e-07 8.31526620e-07]
 [8.31526620e-07 8.31526620e-07 9.99997497e-01 8.31526620e-07]
 [8.31526620e-07 8.31526620e-07 9.99997497e-01 8.31526620e-07]
 [9.99997497e-01 8.31526620e-07 8.31526620e-07 8.31526620e-07]
 [8.31526620e-07 8.31526620e-07 9.99997497e-01 8.31526620e-07]
 [9.99997497e-01 8.31526620e-07 8.31526620e-07 8.31526620e-07]
 [4.31751788e-01 2.21809628e-03 1.79637026e-03 5.64233720e-01]
 [5.16061746e-02 1.46345270e-03 9.43671703e-01 3.25870654e-03]
 [9.44562197e-01 2.15870608e-03 5.21303974e-02 1.14870793e-03]
 [1.03418510e-02 3.06281308e-03 9.84867036e-01 1.72830652e-03]
 [2.95590283e-03 5.82065154e-03 1.25653073e-02 9.78658080e-01]
 [3.06523323e-01 1.23957105e-01 5.62479317e-01 7.04025337e-03]
 [9.99997497e-01 8.31526620e-07 8.31526620e-07 8.31526620e-07]
 [8.31526620e-07 8.31526620e-07 8.31526620e-07 9.99997497e-01]
 [8.31526620e-07 8.31526620e-07 9.99997497e-01 8.31526620e-07]
 [9.89601552e-01 4.14510490e-03 4.92016971e-03 1.33314170e-03]
 [9.92291629e-01 2.34421366e-03 2.42547994e-03 2.93883751e-03]
 [9.96846616e-01 1.45361922e-03 7.32314831e-04 9.67369415e-04]
 [9.87537563e-01 1.60880701e-03 8.70706607e-03 2.14658515e-03]
 [3.41789913e-03 1.69534876e-03 9.13121447e-04 9.93973672e-01]
 [9.96555090e-01 1.14479777e-03 9.76772513e-04 1.32341951e-03]
 [9.96835411e-01 1.13130291e-03 1.30040105e-03 7.32896966e-04]
 [3.13594611e-03 8.87814094e-04 9.25417815e-04 9.95050848e-01]
 [2.36618966e-02 2.28842581e-03 6.61436934e-03 9.67435241e-01]]",[[0.9842144]]
80,TTCATTATTATACGCTATTCCTCCTCTCCAAACAGAGGAGATGGAGAATGGGAATAGCG,0.646168,-0.918498621,TTCATTATTATACGCTATTCCTCCTCTCCAAACAGAGGAGAAGAGGAATGAAAATAATA,[0.24649052],AGACTGATCGATGATATGAGAAGTCTGTATAACAGAGGAGAATACAGATGTCTCATATC,"[[1.26397543e-04 1.78337877e-03 1.73173408e-04 9.97916996e-01]
 [9.30806054e-05 2.18080095e-04 2.41203044e-04 9.99447644e-01]
 [2.95116799e-04 9.98189747e-01 6.93182286e-04 8.21978843e-04]
 [9.99763429e-01 3.48799113e-05 1.86524398e-04 1.51807853e-05]
 [2.68037827e-03 1.17789896e-03 2.51761841e-04 9.95889962e-01]
 [8.36346080e-05 1.16486037e-04 3.04367368e-05 9.99769390e-01]
 [9.98647273e-01 1.31876371e-03 1.92893131e-05 1.46589118e-05]
 [1.21303361e-04 3.11538752e-05 1.56811748e-05 9.99831796e-01]
 [6.00365165e-05 8.96336496e-05 3.66546410e-05 9.99813735e-01]
 [9.99935508e-01 3.53903051e-05 1.36786639e-05 1.53527690e-05]
 [2.48577475e-04 4.03041078e-04 2.32004371e-04 9.99116361e-01]
 [9.99726951e-01 2.10712940e-04 3.75587515e-05 2.47986500e-05]
 [1.52218767e-04 5.49535155e-01 4.26825864e-04 4.49885815e-01]
 [5.15397114e-05 6.72390452e-05 9.99869823e-01 1.13148635e-05]
 [1.41073557e-04 9.99209642e-01 4.31043329e-04 2.18247427e-04]
 [1.45648510e-05 9.34827433e-04 5.15113834e-06 9.99045432e-01]
 [9.99677539e-01 1.37672119e-04 1.67147562e-04 1.76201302e-05]
 [5.23114402e-04 8.07857548e-04 1.45986280e-03 9.97209132e-01]
 [4.46050573e-04 8.36786057e-04 7.52518326e-06 9.98709679e-01]
 [8.26985997e-05 9.97864902e-01 1.99398515e-03 5.84090121e-05]
 [6.35353354e-05 9.99612272e-01 2.74193357e-04 5.00779133e-05]
 [3.99619348e-05 9.31823524e-05 4.68273756e-05 9.99820054e-01]
 [9.20998500e-05 9.99678373e-01 2.13115651e-04 1.64968224e-05]
 [4.38120961e-03 5.81751585e-01 4.13587064e-01 2.80142791e-04]
 [1.21955498e-04 4.75504959e-04 1.42491248e-04 9.99260008e-01]
 [1.84363205e-04 9.97474492e-01 2.29487824e-03 4.63093857e-05]
 [2.45220508e-05 1.58582945e-04 3.77697688e-05 9.99779165e-01]
 [8.20742513e-04 9.19772565e-01 9.59256082e-04 7.84474388e-02]
 [4.16579169e-05 9.99739110e-01 1.21481149e-04 9.77795280e-05]
 [9.99887109e-01 1.79991421e-05 8.51021177e-05 9.77410946e-06]
 [9.99997497e-01 8.31526620e-07 8.31526620e-07 8.31526620e-07]
 [9.99997497e-01 8.31526620e-07 8.31526620e-07 8.31526620e-07]
 [8.31526620e-07 9.99997497e-01 8.31526620e-07 8.31526620e-07]
 [9.99997497e-01 8.31526620e-07 8.31526620e-07 8.31526620e-07]
 [8.31526620e-07 8.31526620e-07 9.99997497e-01 8.31526620e-07]
 [9.99997497e-01 8.31526620e-07 8.31526620e-07 8.31526620e-07]
 [8.31526620e-07 8.31526620e-07 9.99997497e-01 8.31526620e-07]
 [8.31526620e-07 8.31526620e-07 9.99997497e-01 8.31526620e-07]
 [9.99997497e-01 8.31526620e-07 8.31526620e-07 8.31526620e-07]
 [8.31526620e-07 8.31526620e-07 9.99997497e-01 8.31526620e-07]
 [9.99997497e-01 8.31526620e-07 8.31526620e-07 8.31526620e-07]
 [9.99938130e-01 4.29578104e-05 1.10541641e-05 7.87398403e-06]
 [3.43360752e-02 6.28828911e-06 9.65640962e-01 1.67144535e-05]
 [9.99906063e-01 3.83076367e-05 3.89709094e-05 1.66589180e-05]
 [3.66566092e-05 1.19028155e-05 9.99946594e-01 4.91479341e-06]
 [3.07627051e-05 1.46623496e-02 9.85300839e-01 5.97241024e-06]
 [9.99431551e-01 2.96207902e-04 2.08686542e-04 6.34557946e-05]
 [9.99997497e-01 8.31526620e-07 8.31526620e-07 8.31526620e-07]
 [8.31526620e-07 8.31526620e-07 8.31526620e-07 9.99997497e-01]
 [8.31526620e-07 8.31526620e-07 9.99997497e-01 8.31526620e-07]
 [6.17726624e-01 1.50600318e-02 3.66873056e-01 3.40272352e-04]
 [9.99696255e-01 1.47500963e-04 1.02620419e-04 5.36698390e-05]
 [9.99652624e-01 6.81894890e-05 4.10404100e-05 2.38186825e-04]
 [9.99877214e-01 5.61445340e-05 2.18905043e-05 4.46706836e-05]
 [5.52493766e-05 6.61686281e-05 2.90058761e-05 9.99849558e-01]
 [9.99881983e-01 2.54846491e-05 7.78278918e-05 1.46088751e-05]
 [9.99909639e-01 5.05292883e-05 2.01442381e-05 1.96821202e-05]
 [3.38484024e-05 5.87146496e-05 2.15427845e-05 9.99885917e-01]
 [9.98376846e-01 3.76885291e-05 1.55503314e-03 3.03756242e-05]]",[[0.9755529]]
87,CGCCATAATAAATGTCCGGCTATCACTTCAAACAGAGGAGATGAAGTATGAGCCGGACA,0.682196,-0.904540143,CGCCATAATAAATGTCCGGCTATCACTTCAAACAGAGGAGATGAGGCATGAAATAAATT,[0.02742466],TGGTTCTGAAGTGTGTACTCAGACGTGATGAACAGAGGAGACATCACATGTGAGTACAC,"[[2.46262080e-05 9.99853849e-01 4.95525528e-05 7.18595184e-05]
 [1.64527137e-05 2.09909667e-05 9.99942064e-01 2.05266060e-05]
 [3.96513788e-05 9.99853730e-01 3.62833016e-05 7.02951074e-05]
 [7.29638850e-05 9.99832273e-01 4.59424991e-05 4.88929436e-05]
 [9.94843602e-01 1.49027492e-05 1.75684399e-05 5.12390304e-03]
 [1.93504729e-05 4.12959307e-05 1.66079899e-05 9.99922752e-01]
 [9.99957919e-01 1.83310221e-05 1.63871900e-05 7.42787734e-06]
 [9.99946117e-01 1.82490676e-05 1.72329801e-05 1.83313296e-05]
 [1.43573275e-02 3.77376622e-04 1.82795447e-05 9.85247016e-01]
 [9.99970198e-01 1.37163952e-05 9.84431699e-06 6.21167646e-06]
 [9.99375522e-01 5.35751860e-06 1.41159890e-05 6.05117122e-04]
 [9.99816835e-01 1.80335177e-04 2.54975112e-06 3.97774301e-07]
 [4.14677852e-05 7.06091450e-05 2.84626640e-05 9.99859452e-01]
 [2.11301431e-05 3.15303660e-05 9.99930978e-01 1.62975248e-05]
 [2.48060087e-06 2.08799727e-04 6.71411635e-06 9.99782026e-01]
 [2.37749882e-05 9.99915004e-01 3.72409304e-05 2.40465233e-05]
 [1.29198568e-04 9.99765098e-01 6.42603263e-05 4.14255337e-05]
 [1.88561771e-05 2.22168201e-05 9.99926329e-01 3.25611727e-05]
 [1.16634592e-05 2.16300323e-04 9.99702513e-01 6.95037379e-05]
 [3.56281271e-05 9.99714196e-01 7.76741799e-05 1.72445245e-04]
 [2.82411020e-05 1.81926691e-04 7.65575896e-05 9.99713242e-01]
 [9.99934554e-01 2.99588355e-05 2.62105768e-05 9.34998388e-06]
 [1.86210345e-05 2.78367661e-04 3.72340255e-05 9.99665737e-01]
 [2.84313486e-04 9.99539256e-01 1.06704218e-04 6.97547293e-05]
 [8.11764598e-01 1.80775821e-01 1.32651767e-04 7.32689351e-03]
 [1.91303261e-05 9.99922872e-01 2.59236949e-05 3.21721054e-05]
 [5.49299193e-06 1.61906821e-04 1.16298625e-05 9.99821007e-01]
 [4.25816106e-05 4.77252441e-04 2.66863099e-05 9.99453485e-01]
 [2.00223458e-05 9.99930501e-01 1.54173067e-05 3.41416962e-05]
 [9.99975085e-01 1.07723054e-05 9.85186944e-06 4.32937941e-06]
 [9.99997497e-01 8.31526620e-07 8.31526620e-07 8.31526620e-07]
 [9.99997497e-01 8.31526620e-07 8.31526620e-07 8.31526620e-07]
 [8.31526620e-07 9.99997497e-01 8.31526620e-07 8.31526620e-07]
 [9.99997497e-01 8.31526620e-07 8.31526620e-07 8.31526620e-07]
 [8.31526620e-07 8.31526620e-07 9.99997497e-01 8.31526620e-07]
 [9.99997497e-01 8.31526620e-07 8.31526620e-07 8.31526620e-07]
 [8.31526620e-07 8.31526620e-07 9.99997497e-01 8.31526620e-07]
 [8.31526620e-07 8.31526620e-07 9.99997497e-01 8.31526620e-07]
 [9.99997497e-01 8.31526620e-07 8.31526620e-07 8.31526620e-07]
 [8.31526620e-07 8.31526620e-07 9.99997497e-01 8.31526620e-07]
 [9.99997497e-01 8.31526620e-07 8.31526620e-07 8.31526620e-07]
 [1.70549138e-05 3.13015189e-05 1.23113678e-05 9.99939322e-01]
 [2.35917105e-05 5.99583018e-06 9.99948740e-01 2.17417455e-05]
 [9.99956012e-01 1.74134384e-05 2.17462584e-05 4.87596844e-06]
 [3.29862887e-05 1.67726885e-05 9.99932647e-01 1.76376070e-05]
 [9.75113562e-06 1.75891946e-05 9.99936342e-01 3.63768013e-05]
 [1.05580032e-01 8.79649460e-01 1.56850787e-04 1.46136628e-02]
 [9.99997497e-01 8.31526620e-07 8.31526620e-07 8.31526620e-07]
 [8.31526620e-07 8.31526620e-07 8.31526620e-07 9.99997497e-01]
 [8.31526620e-07 8.31526620e-07 9.99997497e-01 8.31526620e-07]
 [9.99957323e-01 2.15923301e-05 1.07673904e-05 1.04195042e-05]
 [9.99952555e-01 1.74990637e-05 2.02676420e-05 9.66513653e-06]
 [9.99966264e-01 1.71172123e-05 9.38890025e-06 7.17351304e-06]
 [4.12787497e-03 5.39909524e-05 3.06581242e-05 9.95787442e-01]
 [9.99943137e-01 2.04012576e-05 1.42047584e-05 2.22746676e-05]
 [9.99943495e-01 1.89871741e-06 7.56086092e-06 4.71185340e-05]
 [9.99974012e-01 1.22530982e-05 8.64188314e-06 5.07314053e-06]
 [1.94988206e-06 2.82727888e-06 2.90137159e-05 9.99966264e-01]
 [1.45401820e-04 8.68883362e-05 8.80526728e-04 9.98887241e-01]]",[[0.97570384]]
94,CGTCATATAAATATTACATTGTTGATGATAAACAGAGGAGATATCATATGCAATGTAAT,0.57975507,-0.897597078,CGTCATATAAATATTACATTGTTGATGATAAACAGAGGAGATGACGCATGCAATATGAC,[0.03912323],AGAGACATAGACCTATCGGTATTGGTGTTCAACAGAGGAGAGAACACATGTACCGATAG,"[[3.31071788e-05 9.99798954e-01 1.20253295e-04 4.76674213e-05]
 [9.02300526e-05 3.94473609e-05 9.99820292e-01 5.00422102e-05]
 [5.21169422e-05 7.68949685e-05 4.07682528e-05 9.99830246e-01]
 [5.24841817e-05 9.99821603e-01 4.28596359e-05 8.30525314e-05]
 [9.99821484e-01 2.92144359e-05 6.84507031e-05 8.09064804e-05]
 [1.95556931e-04 2.83662193e-05 8.45179820e-05 9.99691606e-01]
 [9.99891877e-01 2.48830565e-05 4.81345378e-05 3.50766168e-05]
 [4.37421768e-05 2.16184999e-05 5.91619464e-05 9.99875426e-01]
 [9.99910951e-01 2.81427892e-05 3.35188306e-05 2.73687001e-05]
 [9.99764264e-01 5.03372103e-05 6.05566966e-05 1.24873914e-04]
 [9.99886632e-01 2.75943130e-05 4.51682390e-05 4.04751954e-05]
 [6.93989277e-05 2.05176093e-05 3.25065594e-05 9.99877572e-01]
 [9.99862909e-01 2.70930541e-05 7.44422214e-05 3.54992117e-05]
 [3.28918031e-05 5.64315778e-05 4.27640371e-05 9.99867916e-01]
 [2.25397627e-04 5.04604905e-05 1.07884283e-04 9.99616265e-01]
 [9.99865174e-01 3.45579028e-05 6.42747837e-05 3.59789774e-05]
 [3.10546893e-05 9.99862671e-01 4.68510843e-05 5.93012810e-05]
 [9.99871612e-01 2.74832273e-05 6.99624215e-05 3.08395502e-05]
 [1.57472714e-05 1.86644120e-05 1.98140930e-04 9.99767482e-01]
 [2.01723989e-04 9.05332054e-05 9.90823610e-05 9.99608696e-01]
 [5.50275727e-04 3.75471318e-05 9.99242306e-01 1.69911335e-04]
 [3.49577628e-02 1.65781632e-04 9.31578616e-05 9.64783251e-01]
 [4.88949881e-05 3.45457884e-05 8.54184327e-05 9.99831080e-01]
 [3.10589790e-01 5.71994897e-05 6.89310491e-01 4.25774451e-05]
 [9.99830484e-01 5.28847959e-05 7.37108494e-05 4.29176871e-05]
 [3.12422708e-05 6.67781860e-05 4.44522630e-05 9.99857545e-01]
 [1.18992641e-04 7.61460615e-05 9.99749720e-01 5.51893063e-05]
 [5.86667657e-01 7.98074107e-05 1.82496398e-04 4.13070142e-01]
 [3.68368383e-05 1.07702246e-04 4.73815089e-05 9.99808133e-01]
 [9.99941587e-01 1.39659469e-05 2.52983737e-05 1.92341158e-05]
 [9.99997497e-01 8.31526620e-07 8.31526620e-07 8.31526620e-07]
 [9.99997497e-01 8.31526620e-07 8.31526620e-07 8.31526620e-07]
 [8.31526620e-07 9.99997497e-01 8.31526620e-07 8.31526620e-07]
 [9.99997497e-01 8.31526620e-07 8.31526620e-07 8.31526620e-07]
 [8.31526620e-07 8.31526620e-07 9.99997497e-01 8.31526620e-07]
 [9.99997497e-01 8.31526620e-07 8.31526620e-07 8.31526620e-07]
 [8.31526620e-07 8.31526620e-07 9.99997497e-01 8.31526620e-07]
 [8.31526620e-07 8.31526620e-07 9.99997497e-01 8.31526620e-07]
 [9.99997497e-01 8.31526620e-07 8.31526620e-07 8.31526620e-07]
 [8.31526620e-07 8.31526620e-07 9.99997497e-01 8.31526620e-07]
 [9.99997497e-01 8.31526620e-07 8.31526620e-07 8.31526620e-07]
 [3.48051144e-05 2.09250429e-05 2.15923228e-05 9.99922633e-01]
 [2.55584018e-04 4.68874641e-05 9.99639511e-01 5.80891028e-05]
 [9.99750078e-01 1.56960741e-04 4.98493209e-05 4.31299668e-05]
 [2.49685017e-05 9.99240398e-01 6.99317956e-04 3.52572679e-05]
 [4.16604220e-04 6.50435541e-05 9.99459326e-01 5.90271156e-05]
 [3.44157852e-05 9.99815524e-01 7.45331054e-05 7.55490182e-05]
 [9.99997497e-01 8.31526620e-07 8.31526620e-07 8.31526620e-07]
 [8.31526620e-07 8.31526620e-07 8.31526620e-07 9.99997497e-01]
 [8.31526620e-07 8.31526620e-07 9.99997497e-01 8.31526620e-07]
 [4.77246722e-05 9.99608815e-01 2.73779442e-05 3.15982325e-04]
 [9.99851704e-01 3.22045926e-05 7.17495277e-05 4.42958917e-05]
 [9.99863267e-01 6.79602526e-05 3.81544742e-05 3.06632173e-05]
 [3.15995094e-05 4.72665015e-05 5.98874321e-05 9.99861240e-01]
 [9.99910235e-01 2.09211121e-05 4.89386948e-05 1.98417420e-05]
 [4.59347066e-05 6.50172224e-05 4.99045127e-05 9.99839067e-01]
 [2.78576423e-04 1.27504725e-04 6.38981223e-01 3.60612750e-01]
 [9.99805033e-01 2.61588393e-05 1.43669618e-04 2.52625887e-05]
 [3.55738484e-05 9.99813616e-01 1.03266910e-04 4.76663954e-05]]",[[0.6880606]]
98,CGCCATAGAAATAGTCCGGATATAATATCAAACAGAGGAGATGATATATGATCCGGACT,0.6414597,-0.8928044140000001,CGCCATAGAAATAGTCCGGATATAATATCAAACAGAGGAGACGAGGTATGAAAGAGAGT,[0.05281879],GAATCTGGTGAAAAGAACTCCTCCCGAGAAAACAGAGGAGATTCTCGATGGGAGTTCTT,"[[4.01527859e-06 9.99984503e-01 3.85587691e-06 7.63168828e-06]
 [1.86137295e-05 6.99971406e-06 9.99965668e-01 8.73097088e-06]
 [5.58939473e-06 9.99984980e-01 3.23592099e-06 6.17593741e-06]
 [3.97893473e-06 9.99986172e-01 3.08963808e-06 6.77953358e-06]
 [9.99964952e-01 5.01795648e-06 9.84196595e-06 2.00969571e-05]
 [4.28340136e-05 2.58606838e-06 2.36769120e-06 9.99952197e-01]
 [9.99979258e-01 3.22179631e-06 1.39259209e-05 3.56688042e-06]
 [1.91819025e-04 7.65783989e-06 9.99775708e-01 2.47563548e-05]
 [9.99949694e-01 2.88997785e-06 7.98144902e-06 3.94956842e-05]
 [9.99958515e-01 4.34721369e-06 2.74996182e-05 9.59982390e-06]
 [9.99894977e-01 5.12080123e-06 5.98187253e-05 4.00458484e-05]
 [8.51489040e-06 4.61657874e-06 7.43101327e-06 9.99979496e-01]
 [9.99954581e-01 5.08265930e-06 2.33083683e-05 1.69384493e-05]
 [3.13033997e-05 1.38659043e-05 9.99944091e-01 1.07652859e-05]
 [1.08739741e-05 1.06307034e-05 1.57649829e-05 9.99962687e-01]
 [1.64752255e-05 9.99936104e-01 7.52618007e-06 3.98948287e-05]
 [1.00816005e-05 9.99975562e-01 7.82188818e-06 6.45307318e-06]
 [3.27641537e-05 1.28194970e-05 9.99943972e-01 1.05322870e-05]
 [2.22774048e-04 1.94360073e-05 9.97872472e-01 1.88537245e-03]
 [9.99957323e-01 1.80080624e-05 9.90180433e-06 1.47316141e-05]
 [4.37172821e-06 2.91607898e-06 7.04534796e-06 9.99985695e-01]
 [9.99976277e-01 3.44012528e-06 1.56139540e-05 4.65981884e-06]
 [2.92052687e-06 2.82042129e-06 4.48804940e-06 9.99989748e-01]
 [9.99983907e-01 3.32390209e-06 9.63762250e-06 3.07931214e-06]
 [9.99971390e-01 4.25908183e-06 1.79243943e-05 6.47307206e-06]
 [1.48200970e-05 4.70595587e-05 3.30184921e-05 9.99905109e-01]
 [9.99919415e-01 7.33640991e-06 5.49704710e-05 1.81948162e-05]
 [6.53036341e-06 3.96742507e-06 8.66640494e-06 9.99980807e-01]
 [5.33413049e-06 9.99984264e-01 4.84295651e-06 5.50918321e-06]
 [9.99726474e-01 1.21867629e-06 2.71813944e-04 5.32651143e-07]
 [9.99997497e-01 8.31526620e-07 8.31526620e-07 8.31526620e-07]
 [9.99997497e-01 8.31526620e-07 8.31526620e-07 8.31526620e-07]
 [8.31526620e-07 9.99997497e-01 8.31526620e-07 8.31526620e-07]
 [9.99997497e-01 8.31526620e-07 8.31526620e-07 8.31526620e-07]
 [8.31526620e-07 8.31526620e-07 9.99997497e-01 8.31526620e-07]
 [9.99997497e-01 8.31526620e-07 8.31526620e-07 8.31526620e-07]
 [8.31526620e-07 8.31526620e-07 9.99997497e-01 8.31526620e-07]
 [8.31526620e-07 8.31526620e-07 9.99997497e-01 8.31526620e-07]
 [9.99997497e-01 8.31526620e-07 8.31526620e-07 8.31526620e-07]
 [8.31526620e-07 8.31526620e-07 9.99997497e-01 8.31526620e-07]
 [9.99997497e-01 8.31526620e-07 8.31526620e-07 8.31526620e-07]
 [7.67065831e-06 9.99969959e-01 3.22290657e-06 1.91380514e-05]
 [2.14592001e-05 6.65199286e-06 9.99960065e-01 1.17678701e-05]
 [9.99963284e-01 7.52840879e-06 2.28606641e-05 6.33921127e-06]
 [3.10586765e-05 7.34795321e-05 9.99862194e-01 3.32695890e-05]
 [4.25399363e-01 2.62534631e-05 5.74542344e-01 3.20590734e-05]
 [1.02564582e-05 1.95265129e-05 1.95587927e-05 9.99950647e-01]
 [9.99997497e-01 8.31526620e-07 8.31526620e-07 8.31526620e-07]
 [8.31526620e-07 8.31526620e-07 8.31526620e-07 9.99997497e-01]
 [8.31526620e-07 8.31526620e-07 9.99997497e-01 8.31526620e-07]
 [9.99982595e-01 2.90792991e-06 7.10118638e-06 7.44719046e-06]
 [9.99955297e-01 4.95619997e-06 2.84616453e-05 1.12420958e-05]
 [9.99977350e-01 5.23623885e-06 9.85101815e-06 7.53456288e-06]
 [3.24750981e-05 1.16518877e-05 9.99922037e-01 3.38974351e-05]
 [9.99964952e-01 3.59283695e-06 2.46036598e-05 6.90799379e-06]
 [5.53292193e-05 6.73578097e-06 7.67203808e-01 2.32734114e-01]
 [9.99964476e-01 4.11112160e-06 2.24948963e-05 8.88330851e-06]
 [8.18431290e-05 1.75726473e-05 9.99779999e-01 1.20654448e-04]
 [9.76504452e-06 5.25883115e-06 2.53005455e-05 9.99959707e-01]]",[[0.78059745]]
