,NEW_fixed_switch,NEW_onoff_preds,new_switch,old_predicted_onoff,old_switches,optimized_pwm,predicted_onoff
0,CGCCAACAAAGATGTCACATTATAATATCGAACAGAGGAGACGATATATGAATGTGACA,0.72693604,CGCCAACAAAGATGTCACATTATAATATCGAACAGAGGAGACGATACATGAATGTGATT,[-0.01647475],ACAAAAAAACAATAAAAAATAGAGAAAAAGAACAGAGGAGACTTTTTATGTATTTTTTA,"[[1.14051880e-04 9.99676108e-01 6.79021832e-05 1.41936616e-04]
 [5.62574023e-05 4.09562854e-05 9.99861836e-01 4.08560627e-05]
 [2.84188602e-04 9.99154568e-01 4.01852303e-04 1.59406685e-04]
 [1.25377657e-04 9.99738991e-01 4.84941920e-05 8.70860822e-05]
 [9.98894155e-01 3.40152154e-04 1.96669047e-04 5.68957068e-04]
 [9.99605358e-01 9.12071191e-05 8.22566508e-05 2.21240189e-04]
 [1.15761627e-03 9.98599827e-01 1.02395519e-04 1.40275297e-04]
 [9.99519587e-01 1.42060089e-04 1.78400558e-04 1.60063108e-04]
 [9.99253690e-01 1.39744734e-04 1.03325685e-04 5.03298186e-04]
 [9.99391079e-01 1.73427718e-04 2.31578466e-04 2.03849879e-04]
 [1.13185430e-04 4.07890147e-05 9.99790132e-01 5.58850552e-05]
 [9.99626994e-01 1.11837544e-04 6.33641830e-05 1.97648653e-04]
 [3.05990368e-04 3.39627615e-04 1.16891337e-04 9.99237537e-01]
 [1.44302496e-04 7.50934632e-05 9.99721110e-01 5.94460980e-05]
 [2.72108533e-04 2.29447352e-04 9.04755871e-05 9.99408007e-01]
 [1.13070702e-04 9.99578059e-01 5.21554975e-05 2.56659609e-04]
 [9.99389887e-01 3.38898477e-04 9.79058314e-05 1.73209657e-04]
 [1.57050716e-04 9.99260128e-01 4.14439390e-04 1.68437327e-04]
 [9.99495149e-01 1.73751891e-04 1.76532354e-04 1.54558016e-04]
 [6.15566038e-04 9.37542296e-04 2.07872572e-03 9.96368170e-01]
 [3.41294159e-04 1.67417573e-04 1.36366012e-04 9.99354899e-01]
 [9.99612510e-01 2.07502308e-04 8.70111398e-05 9.30216775e-05]
 [1.14981791e-04 2.58988992e-04 7.11812972e-05 9.99554813e-01]
 [9.99833703e-01 7.22580153e-05 3.84239211e-05 5.56563391e-05]
 [9.99397874e-01 2.03876160e-04 1.04055900e-04 2.94261670e-04]
 [2.91163131e-04 3.46328947e-04 1.84751465e-04 9.99177754e-01]
 [9.99650121e-01 1.04480954e-04 7.53825952e-05 1.69884908e-04]
 [1.18419586e-04 7.82569768e-05 4.69328588e-05 9.99756396e-01]
 [4.08769280e-01 5.90541840e-01 4.83415293e-04 2.05464414e-04]
 [6.91128254e-04 4.02065307e-05 9.99225736e-01 4.28882122e-05]
 [9.99997497e-01 8.31526620e-07 8.31526620e-07 8.31526620e-07]
 [9.99997497e-01 8.31526620e-07 8.31526620e-07 8.31526620e-07]
 [8.31526620e-07 9.99997497e-01 8.31526620e-07 8.31526620e-07]
 [9.99997497e-01 8.31526620e-07 8.31526620e-07 8.31526620e-07]
 [8.31526620e-07 8.31526620e-07 9.99997497e-01 8.31526620e-07]
 [9.99997497e-01 8.31526620e-07 8.31526620e-07 8.31526620e-07]
 [8.31526620e-07 8.31526620e-07 9.99997497e-01 8.31526620e-07]
 [8.31526620e-07 8.31526620e-07 9.99997497e-01 8.31526620e-07]
 [9.99997497e-01 8.31526620e-07 8.31526620e-07 8.31526620e-07]
 [8.31526620e-07 8.31526620e-07 9.99997497e-01 8.31526620e-07]
 [9.99997497e-01 8.31526620e-07 8.31526620e-07 8.31526620e-07]
 [2.83261761e-04 9.98876989e-01 4.75339875e-05 7.92172330e-04]
 [8.06182506e-05 6.57345372e-05 9.99696374e-01 1.57333547e-04]
 [9.99733627e-01 1.20062796e-04 5.90033524e-05 8.73869431e-05]
 [1.97654779e-04 4.15138347e-04 1.71504507e-04 9.99215722e-01]
 [9.98821914e-01 5.71945740e-04 4.16993978e-04 1.89177925e-04]
 [4.91722312e-04 5.70658505e-01 2.18182977e-04 4.28631604e-01]
 [9.99997497e-01 8.31526620e-07 8.31526620e-07 8.31526620e-07]
 [8.31526620e-07 8.31526620e-07 8.31526620e-07 9.99997497e-01]
 [8.31526620e-07 8.31526620e-07 9.99997497e-01 8.31526620e-07]
 [9.99521852e-01 1.18910168e-04 5.13087216e-05 3.07947164e-04]
 [9.98918772e-01 3.98640084e-04 1.96770896e-04 4.85813274e-04]
 [4.46239923e-04 2.26390781e-04 9.12791293e-05 9.99236107e-01]
 [1.49064770e-04 7.92051578e-05 9.99702394e-01 6.93119655e-05]
 [4.02635749e-04 2.13360443e-04 1.23372913e-04 9.99260604e-01]
 [6.86586063e-05 3.24945722e-05 9.99850035e-01 4.88014339e-05]
 [9.99625683e-01 1.23361257e-04 9.28811569e-05 1.58187351e-04]
 [2.76282633e-04 4.59843548e-04 2.30466219e-04 9.99033451e-01]
 [8.28767894e-04 2.68390606e-04 4.51259635e-04 9.98451591e-01]]",[[0.73992133]]
9,TGCAATAATACCTGTCAGCCTACACCTCCAAACAGAGGAGATGGAGGATGAGGCTGACA,0.46393135,TGCAATAATACCTGTCAGCCTACACCTCCAAACAGAGGAGATGAGGAATGAAAATAATA,[-0.01783935],ATAAACAAAATGGATATTATAGACAAAAAAAACAGAGGAGATTTTTTATGTATAATATC,"[[1.2204183e-03 4.1712263e-01 1.8070737e-03 5.7984990e-01]
 [2.3388134e-03 1.4601011e-03 6.9781536e-01 2.9838571e-01]
 [9.3718222e-04 9.9704188e-01 8.0120331e-04 1.2197647e-03]
 [9.9708360e-01 1.4687128e-03 1.0083078e-03 4.3944031e-04]
 [6.6564113e-01 2.1758580e-03 1.4643141e-03 3.3071867e-01]
 [4.1173315e-03 8.7506347e-04 2.0098733e-03 9.9299777e-01]
 [9.9345446e-01 2.7745527e-03 2.9782094e-03 7.9273741e-04]
 [9.7532266e-01 1.0878107e-03 2.0488137e-03 2.1540668e-02]
 [8.7544299e-04 7.7723589e-04 7.9189008e-04 9.9755543e-01]
 [9.9811268e-01 6.6722004e-04 8.0754346e-04 4.1249709e-04]
 [2.8298069e-02 9.4930565e-01 6.6840197e-03 1.5712183e-02]
 [2.9335803e-04 9.9713480e-01 2.3781406e-03 1.9366624e-04]
 [1.2313903e-03 1.3994646e-03 1.1536090e-03 9.9621552e-01]
 [1.6144135e-03 8.4529573e-04 9.9715143e-01 3.8893265e-04]
 [2.6649975e-03 3.6705832e-03 1.7189131e-03 9.9194545e-01]
 [1.0681209e-03 9.8665476e-01 1.3543899e-03 1.0922746e-02]
 [9.9640298e-01 1.1717280e-03 1.2157550e-03 1.2094824e-03]
 [1.2936972e-03 5.7430798e-03 9.5745432e-01 3.5508800e-02]
 [3.1172885e-03 5.3653818e-01 3.1380828e-02 4.2896363e-01]
 [4.1295160e-04 9.9764949e-01 3.0329809e-04 1.6343686e-03]
 [1.0819810e-03 3.1468591e-03 4.0071649e-03 9.9176401e-01]
 [9.3455577e-01 1.6595209e-03 6.3366503e-02 4.1826119e-04]
 [6.1702379e-04 9.9076229e-01 7.5687090e-04 7.8638392e-03]
 [7.9202527e-01 2.0592040e-01 1.4608001e-03 5.9348263e-04]
 [6.5018050e-03 9.9003649e-01 2.4992230e-03 9.6248841e-04]
 [8.0987520e-04 9.9797887e-01 7.6153869e-04 4.4982191e-04]
 [2.2478525e-03 2.2730767e-03 2.3037805e-03 9.9317533e-01]
 [1.4463722e-03 8.7168497e-01 1.0554970e-03 1.2581313e-01]
 [3.6197554e-04 9.9909735e-01 4.0629364e-04 1.3447336e-04]
 [9.9862480e-01 5.3257926e-04 5.5851042e-04 2.8398781e-04]
 [9.9999750e-01 8.3152662e-07 8.3152662e-07 8.3152662e-07]
 [9.9999750e-01 8.3152662e-07 8.3152662e-07 8.3152662e-07]
 [8.3152662e-07 9.9999750e-01 8.3152662e-07 8.3152662e-07]
 [9.9999750e-01 8.3152662e-07 8.3152662e-07 8.3152662e-07]
 [8.3152662e-07 8.3152662e-07 9.9999750e-01 8.3152662e-07]
 [9.9999750e-01 8.3152662e-07 8.3152662e-07 8.3152662e-07]
 [8.3152662e-07 8.3152662e-07 9.9999750e-01 8.3152662e-07]
 [8.3152662e-07 8.3152662e-07 9.9999750e-01 8.3152662e-07]
 [9.9999750e-01 8.3152662e-07 8.3152662e-07 8.3152662e-07]
 [8.3152662e-07 8.3152662e-07 9.9999750e-01 8.3152662e-07]
 [9.9999750e-01 8.3152662e-07 8.3152662e-07 8.3152662e-07]
 [1.1681973e-03 3.6983137e-04 4.8833713e-04 9.9797362e-01]
 [8.8154245e-04 2.4268581e-04 9.9802679e-01 8.4895879e-04]
 [9.9712235e-01 5.3320243e-04 1.8607071e-03 4.8363878e-04]
 [6.9678645e-04 5.3671893e-04 9.9783701e-01 9.2946959e-04]
 [3.0320378e-03 2.4932751e-03 5.9135264e-01 4.0312207e-01]
 [8.4944755e-01 6.2331505e-02 5.9715644e-03 8.2249425e-02]
 [9.9999750e-01 8.3152662e-07 8.3152662e-07 8.3152662e-07]
 [8.3152662e-07 8.3152662e-07 8.3152662e-07 9.9999750e-01]
 [8.3152662e-07 8.3152662e-07 9.9999750e-01 8.3152662e-07]
 [9.9763787e-01 8.8516093e-04 5.4759358e-04 9.2942762e-04]
 [9.3403518e-01 1.2499944e-03 6.3499287e-02 1.2155144e-03]
 [9.9834812e-01 4.4467437e-04 2.8169758e-04 9.2559739e-04]
 [9.8552960e-01 8.6382340e-04 2.0365207e-03 1.1570093e-02]
 [3.4103147e-03 1.0350369e-03 7.3729316e-04 9.9481732e-01]
 [9.8922426e-01 4.0208342e-04 8.9860242e-03 1.3875689e-03]
 [9.9847263e-01 4.6950617e-04 7.0996018e-04 3.4775015e-04]
 [9.8495884e-04 6.6670758e-04 7.6728937e-04 9.9758101e-01]
 [8.1497526e-01 8.3271239e-04 4.8065661e-03 1.7938550e-01]]",[[0.9824563]]
