,switch_sequence,on_value,off_value,onoff_value,on_preds,off_preds,new_switch,predicted_onoff,optimized_pwm
0,ACAAAAAAACAATAAAAAATAGAGAAAAAGAACAGAGGAGACTTTTTATGTATTTTTTA,0.42827037799999995,0.818291235,-0.39002085700000005,0.5218145000000001,0.81590146,CTTCCCGAGAAGTTAAAAAATTCAGAAAAGAACAGAGGAGACTTTTCATGAATTTTTTA,[[0.4958017 0.2758617]],"[[8.48796626e-05 9.99632001e-01 1.00418380e-04 1.82720920e-04]
 [9.39477322e-05 8.09429039e-05 1.08510430e-04 9.99716580e-01]
 [9.56119620e-05 6.85680061e-05 7.12329784e-05 9.99764621e-01]
 [8.19071502e-05 9.99782860e-01 8.19108245e-05 5.33902312e-05]
 [4.32082234e-05 9.99809086e-01 9.55371797e-05 5.21288603e-05]
 [6.52844028e-05 9.99793589e-01 8.38666601e-05 5.72626050e-05]
 [1.36916133e-04 5.87372560e-05 9.99750197e-01 5.40909641e-05]
 [9.99709308e-01 3.38599202e-05 1.57157279e-04 9.96583185e-05]
 [2.01012334e-03 3.89583904e-04 5.44420183e-01 4.53180134e-01]
 [9.76354897e-01 4.36439732e-05 2.34979726e-02 1.03443934e-04]
 [9.97671545e-01 2.91148026e-05 2.20814836e-03 9.11105817e-05]
 [1.55460293e-04 4.25606340e-05 9.99712050e-01 8.98275030e-05]
 [2.25687216e-07 1.34449863e-07 1.41065740e-07 9.99999523e-01]
 [2.21555823e-07 1.36225694e-07 1.40677884e-07 9.99999523e-01]
 [9.99999642e-01 1.46278254e-07 1.41943872e-07 1.61693066e-07]
 [9.99999642e-01 1.42386810e-07 1.39472291e-07 1.57830158e-07]
 [9.99999642e-01 1.42590238e-07 1.39813622e-07 1.57859205e-07]
 [9.99999642e-01 1.42706824e-07 1.39838022e-07 1.57878617e-07]
 [9.99999642e-01 1.42568751e-07 1.39933675e-07 1.57727385e-07]
 [9.99999642e-01 1.33985253e-07 1.36120917e-07 1.61647279e-07]
 [2.16083606e-07 1.36101548e-07 1.39574070e-07 9.99999523e-01]
 [7.68321042e-04 8.40209541e-05 3.64809617e-04 9.98782814e-01]
 [1.66394602e-04 9.67566729e-01 5.43763890e-05 3.22124772e-02]
 [9.99827862e-01 2.86399190e-05 1.18827185e-04 2.46413074e-05]
 [1.48832385e-07 7.67967663e-08 9.99999642e-01 1.30296655e-07]
 [9.99999642e-01 1.42263843e-07 1.39707126e-07 1.57751600e-07]
 [9.99999642e-01 1.42378667e-07 1.39305072e-07 1.57912353e-07]
 [9.99999642e-01 1.42557610e-07 1.39615892e-07 1.57905276e-07]
 [9.99999642e-01 1.42299257e-07 1.39334162e-07 1.57845960e-07]
 [1.47100536e-07 7.64565158e-08 9.99999642e-01 1.30715577e-07]
 [9.99997497e-01 8.31526620e-07 8.31526620e-07 8.31526620e-07]
 [9.99997497e-01 8.31526620e-07 8.31526620e-07 8.31526620e-07]
 [8.31526620e-07 9.99997497e-01 8.31526620e-07 8.31526620e-07]
 [9.99997497e-01 8.31526620e-07 8.31526620e-07 8.31526620e-07]
 [8.31526620e-07 8.31526620e-07 9.99997497e-01 8.31526620e-07]
 [9.99997497e-01 8.31526620e-07 8.31526620e-07 8.31526620e-07]
 [8.31526620e-07 8.31526620e-07 9.99997497e-01 8.31526620e-07]
 [8.31526620e-07 8.31526620e-07 9.99997497e-01 8.31526620e-07]
 [9.99997497e-01 8.31526620e-07 8.31526620e-07 8.31526620e-07]
 [8.31526620e-07 8.31526620e-07 9.99997497e-01 8.31526620e-07]
 [9.99997497e-01 8.31526620e-07 8.31526620e-07 8.31526620e-07]
 [1.43807029e-07 9.99999642e-01 1.16670691e-07 1.19856225e-07]
 [2.26627364e-07 1.37326069e-07 1.39449540e-07 9.99999523e-01]
 [2.26870426e-07 1.37200146e-07 1.39596963e-07 9.99999523e-01]
 [2.27099235e-07 1.37358157e-07 1.39725230e-07 9.99999523e-01]
 [2.26338585e-07 1.37031847e-07 1.39365653e-07 9.99999523e-01]
 [1.40749165e-07 9.99999642e-01 1.17260889e-07 1.20509640e-07]
 [9.99997497e-01 8.31526620e-07 8.31526620e-07 8.31526620e-07]
 [8.31526620e-07 8.31526620e-07 8.31526620e-07 9.99997497e-01]
 [8.31526620e-07 8.31526620e-07 9.99997497e-01 8.31526620e-07]
 [9.99999642e-01 1.35044232e-07 1.36120008e-07 1.60896576e-07]
 [9.99999642e-01 1.38065673e-07 1.37434839e-07 1.60369893e-07]
 [2.26642058e-07 1.37408861e-07 1.39730432e-07 9.99999523e-01]
 [2.26855278e-07 1.37566474e-07 1.39644911e-07 9.99999523e-01]
 [2.26291533e-07 1.37264138e-07 1.39566225e-07 9.99999523e-01]
 [2.27470096e-07 1.38048009e-07 1.40351190e-07 9.99999523e-01]
 [2.35865627e-07 1.44365444e-07 1.45733523e-07 9.99999523e-01]
 [2.13623807e-07 1.34359624e-07 1.36666941e-07 9.99999523e-01]
 [9.99999642e-01 1.40145360e-07 1.38615960e-07 1.66733344e-07]]"
1,ATAAACAAAATGGATATTATAGACAAAAAAAACAGAGGAGATTTTTTATGTATAATATC,0.570485572,0.934635132,-0.364149559,0.7000903,0.86470324,CCCTCCGGCCAAGATATTTTGTTAAAAAAAAACAGAGGAGATTTTTTATGCTATAAAAC,[[0.800534   0.23313037]],"[[2.60588713e-05 9.99894738e-01 1.82900167e-05 6.09335875e-05]
 [5.76916027e-05 9.99707162e-01 1.17713644e-04 1.17429299e-04]
 [2.00775776e-05 9.99771774e-01 1.82060485e-05 1.89943268e-04]
 [9.80839759e-05 5.49780380e-04 2.87783932e-05 9.99323368e-01]
 [3.34930737e-05 9.99868035e-01 2.76141764e-05 7.07585277e-05]
 [6.46828994e-05 9.99743998e-01 1.30322558e-04 6.08669070e-05]
 [8.30873250e-05 5.50151817e-05 9.99719679e-01 1.42158737e-04]
 [7.19073214e-05 5.89031652e-02 9.40827072e-01 1.97891830e-04]
 [4.13653070e-05 9.99863744e-01 2.18034747e-05 7.30387255e-05]
 [1.15670853e-04 9.99794304e-01 3.77616234e-05 5.22174014e-05]
 [9.99809325e-01 8.50779616e-05 2.56214025e-05 7.99603295e-05]
 [9.99933243e-01 2.22269118e-05 9.26029043e-06 3.52672141e-05]
 [5.15471186e-08 2.83038446e-08 9.99999881e-01 5.85410369e-08]
 [9.99999881e-01 5.93595750e-08 5.84542299e-08 1.14103010e-07]
 [8.96072834e-08 5.59380702e-08 5.28402211e-08 9.99999762e-01]
 [9.99999881e-01 5.92472560e-08 5.82354467e-08 1.14666875e-07]
 [8.66947829e-08 5.71297640e-08 5.40144214e-08 9.99999762e-01]
 [8.96736267e-08 5.59143913e-08 5.28091881e-08 9.99999762e-01]
 [8.99555985e-08 5.58359510e-08 5.26341175e-08 9.99999762e-01]
 [8.99020804e-08 5.58409567e-08 5.27511013e-08 9.99999762e-01]
 [5.28261204e-08 2.90867916e-08 9.99999881e-01 5.91354876e-08]
 [4.35873590e-05 3.99960263e-05 2.27516539e-05 9.99893665e-01]
 [3.11644289e-05 1.36495464e-05 1.53565834e-05 9.99939799e-01]
 [9.99931574e-01 1.08537024e-05 2.86122831e-05 2.89064919e-05]
 [9.99999642e-01 6.03120540e-08 5.98739831e-08 1.07229710e-07]
 [9.99999642e-01 6.04253572e-08 5.98073271e-08 1.07294362e-07]
 [9.99999642e-01 6.04760899e-08 5.99508923e-08 1.07383009e-07]
 [9.99999642e-01 6.06303914e-08 6.00899810e-08 1.07489157e-07]
 [9.99999642e-01 6.06044921e-08 6.00227423e-08 1.07386697e-07]
 [9.99999642e-01 6.05542283e-08 5.99691887e-08 1.07419062e-07]
 [9.99997497e-01 8.31526620e-07 8.31526620e-07 8.31526620e-07]
 [9.99997497e-01 8.31526620e-07 8.31526620e-07 8.31526620e-07]
 [8.31526620e-07 9.99997497e-01 8.31526620e-07 8.31526620e-07]
 [9.99997497e-01 8.31526620e-07 8.31526620e-07 8.31526620e-07]
 [8.31526620e-07 8.31526620e-07 9.99997497e-01 8.31526620e-07]
 [9.99997497e-01 8.31526620e-07 8.31526620e-07 8.31526620e-07]
 [8.31526620e-07 8.31526620e-07 9.99997497e-01 8.31526620e-07]
 [8.31526620e-07 8.31526620e-07 9.99997497e-01 8.31526620e-07]
 [9.99997497e-01 8.31526620e-07 8.31526620e-07 8.31526620e-07]
 [8.31526620e-07 8.31526620e-07 9.99997497e-01 8.31526620e-07]
 [9.99997497e-01 8.31526620e-07 8.31526620e-07 8.31526620e-07]
 [8.68748842e-08 5.72838310e-08 5.41244596e-08 9.99999762e-01]
 [8.68659313e-08 5.72395962e-08 5.41079430e-08 9.99999762e-01]
 [8.67735324e-08 5.71598449e-08 5.40444098e-08 9.99999762e-01]
 [8.68704078e-08 5.72698475e-08 5.41196066e-08 9.99999762e-01]
 [8.65576411e-08 5.70685579e-08 5.39161213e-08 9.99999762e-01]
 [8.67659153e-08 5.71967078e-08 5.40477068e-08 9.99999762e-01]
 [9.99997497e-01 8.31526620e-07 8.31526620e-07 8.31526620e-07]
 [8.31526620e-07 8.31526620e-07 8.31526620e-07 9.99997497e-01]
 [8.31526620e-07 8.31526620e-07 9.99997497e-01 8.31526620e-07]
 [5.78158783e-08 9.99999881e-01 2.93845606e-08 6.92682462e-08]
 [9.02933763e-08 5.56683624e-08 5.24343164e-08 9.99999762e-01]
 [9.99999881e-01 5.94184790e-08 5.83192552e-08 1.14158297e-07]
 [9.04153907e-08 5.55444828e-08 5.22437418e-08 9.99999762e-01]
 [9.99999642e-01 6.04345729e-08 5.99279133e-08 1.07388331e-07]
 [9.99999881e-01 5.93310538e-08 5.84614774e-08 1.14629479e-07]
 [9.99999762e-01 5.96515974e-08 5.87293627e-08 1.13087381e-07]
 [9.99999881e-01 5.94162124e-08 5.82952353e-08 1.14851503e-07]
 [5.96523932e-08 9.99999762e-01 2.99024556e-08 6.85987516e-08]]"
2,GATGTTACAAACGATAATATAGACAAAAATAACAGAGGAGAATTTTTATGTATATTATC,0.642210038,1.0,-0.357789962,0.71829695,0.85094154,CCTCCCCGCCCAGAAAATATGTTAAAAAAAAACAGAGGAGATTTTTTATGCTTTTATAC,[[0.7508974  0.16742703]],"[[5.42599009e-04 9.97841597e-01 2.03464151e-04 1.41243706e-03]
 [8.20645189e-04 9.97444034e-01 2.45255273e-04 1.48996559e-03]
 [1.00555178e-03 1.43919051e-01 3.58815538e-04 8.54716539e-01]
 [6.02697721e-04 9.98057544e-01 1.34461457e-04 1.20522361e-03]
 [3.74936382e-04 9.99104559e-01 1.39438998e-04 3.80991522e-04]
 [5.76165796e-04 9.98517096e-01 3.36168130e-04 5.70694974e-04]
 [1.55546167e-03 9.96674895e-01 6.57331315e-04 1.11232873e-03]
 [3.71584290e-04 1.04346305e-04 9.99221921e-01 3.02116066e-04]
 [7.03555415e-04 9.98110890e-01 4.81930183e-04 7.03677535e-04]
 [1.03407085e-03 9.97754157e-01 2.27269862e-04 9.84513084e-04]
 [1.51103316e-03 9.94195759e-01 1.55311148e-03 2.74007558e-03]
 [9.98697639e-01 3.34393379e-04 2.65379989e-04 7.02505698e-04]
 [4.62063895e-07 1.23533596e-07 9.99998927e-01 4.67476212e-07]
 [9.99997616e-01 4.47903886e-07 3.81202767e-07 1.51770655e-06]
 [9.99997616e-01 4.45733264e-07 3.79994077e-07 1.51897507e-06]
 [9.99997735e-01 4.51441878e-07 3.83336186e-07 1.48827212e-06]
 [9.99997616e-01 4.49752577e-07 3.82812658e-07 1.49350296e-06]
 [1.52371217e-06 4.90315927e-07 4.09880641e-07 9.99997616e-01]
 [9.99997616e-01 4.48473202e-07 3.81608686e-07 1.50183985e-06]
 [1.54894281e-06 4.90280343e-07 4.09674243e-07 9.99997497e-01]
 [4.65364678e-07 1.23853994e-07 9.99998927e-01 4.68747174e-07]
 [1.02343209e-01 4.28678934e-04 7.96744134e-04 8.96431327e-01]
 [1.34619744e-02 9.72695707e-04 7.62492744e-03 9.77940321e-01]
 [9.98866558e-01 2.53291189e-04 3.31038987e-04 5.49216522e-04]
 [9.99997616e-01 4.49483281e-07 3.82684163e-07 1.49232119e-06]
 [9.99997616e-01 4.49650940e-07 3.82807173e-07 1.49390610e-06]
 [9.99997616e-01 4.49170471e-07 3.82917818e-07 1.49378491e-06]
 [9.99997616e-01 4.49991546e-07 3.82989754e-07 1.49497782e-06]
 [9.99997616e-01 4.50002688e-07 3.82965652e-07 1.49358698e-06]
 [9.99997616e-01 4.46350072e-07 3.81224595e-07 1.50228664e-06]
 [9.99997497e-01 8.31526620e-07 8.31526620e-07 8.31526620e-07]
 [9.99997497e-01 8.31526620e-07 8.31526620e-07 8.31526620e-07]
 [8.31526620e-07 9.99997497e-01 8.31526620e-07 8.31526620e-07]
 [9.99997497e-01 8.31526620e-07 8.31526620e-07 8.31526620e-07]
 [8.31526620e-07 8.31526620e-07 9.99997497e-01 8.31526620e-07]
 [9.99997497e-01 8.31526620e-07 8.31526620e-07 8.31526620e-07]
 [8.31526620e-07 8.31526620e-07 9.99997497e-01 8.31526620e-07]
 [8.31526620e-07 8.31526620e-07 9.99997497e-01 8.31526620e-07]
 [9.99997497e-01 8.31526620e-07 8.31526620e-07 8.31526620e-07]
 [8.31526620e-07 8.31526620e-07 9.99997497e-01 8.31526620e-07]
 [9.99997497e-01 8.31526620e-07 8.31526620e-07 8.31526620e-07]
 [1.53777603e-06 4.92605011e-07 4.11188296e-07 9.99997616e-01]
 [1.50586550e-06 4.84813938e-07 4.07323228e-07 9.99997616e-01]
 [1.50748201e-06 4.85260330e-07 4.07255243e-07 9.99997616e-01]
 [1.50688265e-06 4.85610315e-07 4.07258369e-07 9.99997616e-01]
 [1.50616142e-06 4.85445469e-07 4.06974920e-07 9.99997616e-01]
 [1.54045483e-06 4.89291040e-07 4.09404805e-07 9.99997616e-01]
 [9.99997497e-01 8.31526620e-07 8.31526620e-07 8.31526620e-07]
 [8.31526620e-07 8.31526620e-07 8.31526620e-07 9.99997497e-01]
 [8.31526620e-07 8.31526620e-07 9.99997497e-01 8.31526620e-07]
 [6.31916237e-07 9.99998569e-01 1.89473113e-07 6.45171099e-07]
 [1.51968209e-06 4.91127878e-07 4.13754975e-07 9.99997616e-01]
 [1.53422229e-06 4.90572234e-07 4.10480709e-07 9.99997616e-01]
 [1.54420536e-06 4.89579463e-07 4.10942846e-07 9.99997497e-01]
 [1.50612550e-06 4.84201223e-07 4.06795266e-07 9.99997616e-01]
 [9.99997616e-01 4.40533569e-07 3.77180811e-07 1.53269116e-06]
 [1.52954010e-06 4.92119511e-07 4.12081761e-07 9.99997616e-01]
 [9.99997616e-01 4.49041977e-07 3.82314283e-07 1.49223013e-06]
 [6.42874511e-07 9.99998450e-01 1.92813815e-07 6.64072729e-07]]"
